author,content,cover,works
,我们等候着青春，却错过了彼此…… 但我永远会记得，那年夏天，最灿烂、最寂寞的星空。,,《星空》
王源,抬头望星时，总是想家。无论黄沙还是绿地，星空总是承载着人们对故土的浓情。,https://static.juzicon.com/contribute/image-10d4f8c9-6b17-40b1-96a8-fa9c76b989d0-201021234649-B5MB.jpeg,《王源说》
王源,到了晚上，整片天空挂满了星斗，仿佛星空弯下腰来，给了草原一个拥抱。,https://static.juzicon.com/contribute/image-10d4f8c9-6b17-40b1-96a8-fa9c76b989d0-201021234817-RNJ4.jpeg,《王源说》
弘,為甚么萬丈光芒下容不得半點晦暗  無盡深淵卻承載浩瀚星空？,https://static.juzicon.com/contribute/image-5a9d3473-cd80-49ff-b690-cf5e93db3175-200327135726-VJFB.jpeg,《弘集》
,"仰望星空的人，
总以为星星就是宝石，
飞上星空的人知道，
那儿有灰尘、石渣，
和地球一样复杂。
                       一一一雷抒雁《星星》",https://static.juzicon.com/contribute/image-161a63f6-25f7-4cf7-92d4-24bd1f843275-210110140921-42AZ.jpg,
何炅,"青春是什么？青春就是输得起、看得开，青春就是去经历一切你未曾拥有却仍然向往的，青春就是再近的地方也要跑着去，青春就是在每一个当下，都能抬头，仰望星空，念念不忘自己的梦。梦想还是要有的，万一见鬼了呢。只要你坚持，实现梦想永远来得及。",,《来得及》
,你们说星空很美，我说你们是自我麻醉并不懂黑夜，其实我也不懂的你们,,
希行,"“你方才喊我君九龄,你能不能再喊我一次,只喊名字。”九龄。九龄。朱瓒的耳边响起那女子曾经说过的话。那星空之下的吵闹嬉闹,却原来藏着深沉的寂寞,藏着不能言明的孤独和怀念,只是想要被叫一声九龄。",,《君九龄》
,你在星空里，也胜似星空，我和你相隔很远很远的距离。星空之所以美丽，是因为在无边的宇宙中，不管黑暗和幽邃如何蔓延，都有星星的光芒点缀去把它照亮。你就像黑夜里的星星，曾把我的世界照亮。但最后只剩下了星空，虽然像以前一样陪着我，但我知道你已经离开了,https://static.juzicon.com/contribute/image-f070725b-299d-4790-af85-bc63aaa78600-200621170605-M4V2.jpeg,
,满天星星中，有一颗星星是最美丽的的，像流星的坠落，绚丽的点燃了整个星空，灿烂夺去了轮廓。在我的眼中，只有两种星星，你和非你。,,
,生活在阴沟也要记得仰望星空啊,,《少年的你》
,灿烂星空，几缕云烟，谁知夜得悲伤。,,
,"当你抬头仰望星空时、
你觉得你在看星星⭐、
其实星星也在看你啊。",https://static.juzicon.com/contribute/image-bcd21262-3ff5-4dee-84b4-484fb780d716-200717152240-P0EB.jpg,
,"星空那么壮美，我想和你一起去看看；草原那么辽阔，我想和你一起去跑跑；阳光那么温暖，我想和你一起去晒晒。世界这么多姿，所有的美好我都想同你一起感受。而先生，我这么真诚，你要不考虑余生与我共度？",,《我想》
刘慈欣,"The mankind’s courage and resolution will be witnessed and remembered by stars.

人类的勇气和坚毅必将被镌刻在星空之下。

——刘慈欣《流浪地球》",https://static.juzicon.com/contribute/image-b204b5f7-f1cb-4a3c-b1df-bbbdaf8fe056-200720235534-EXJH.jpg,《流浪地球》
桂媛,夜晚的大桥没什么人，我们站在桥中央，四面无人，星空之下，只听见河水流淌，晚风拂过，说不尽的温柔。,,《槐树花开》
,"就算世界上所有人都看不起你，认为你是墙边的污泥，但你清楚你不是
所以，如果你坚持信念，那么总有一天，星星会被人从污泥里拾起来，闪耀着它自己的光芒
我会仰望星空，希望看到最耀眼的你",https://static.juzicon.com/contribute/image-7249b350-8f01-46f1-a6d9-63c7f10a71de-210411133255-LXH1.jpeg,《上将的omega吸血鬼》
,"星空不负赶路人
岁月不负有心人",https://static.juzicon.com/contribute/image-db9c7d1b-3a72-4267-8b72-4ab7a8acd8c7-201114105611-D8UK.jpeg,
coldplay,"But when I’m cold, cold，当你走后的世界天寒地冻，Oh when I’m cold, cold，当我始终被困在这无尽的孤冷之中，There’s a light that you give me，脑海中你的笑容总能点亮我头顶绝望的星空。",,《Everglow》
priest,"他这一生，戎马倥偬，如星空利剑，外人看来，就像是权柄与力量的象征，却原来总是被“无能为力”反复磋磨，亲人、朋友  身边的人与事，都像细沙一样地淌过，无法挽回地离他而去，再在他指缝间留下条一条细碎的伤。",,《残次品》
,星空灿烂的夜，是一出出动人的戏剧，表演者永远是那些星星，它们的观众不仅是我，还有全世界上爱看星的人。晚安。,,《新浪Qing博客》
新海诚,"We both look up at the same stars, yet we see such different things. 我们仰望同一片星空，却看见了不同的事物。",,《秒速5厘米》
,"一尘不变的我们一尘不变的星空",,
,星空还是那片星空，但星空下的那群孩子早已不见踪影。,,
,曾经，我以为星空听出的是寂寞，突然好想你唱的孤单，我不愿让你一个人写的是回忆，你不是真正的快乐说的过去。现在，对我来说，星空是青春的开始，突然好想你给了最深的刻印，我不愿让你一个人把所有情感都囊括了进去，而你不是真正的快乐却成了我唯一值得真正的快乐。,,
绿亦歌,"亲人会老，爱人回走，时间不回头。那么在这样打大的世界里，有什么是我们可以相信，可以为之付出生命的？璀璨的星空下，有一阵风，温柔地穿堂而过。",,《爱你时，有风》
,追星的意义就是 仰望星空的同时也努力成为那个会发光的人,,
,我们深处泥潭，却任有人仰望星空,,
,仰望星空的人，眼里会有星星✨,https://static.juzicon.com/contribute/image-920d11bc-6e61-4d95-8712-8e21b6629920-210121003600-3LDM.jpeg,
,用尽三生寻一人为王，原来他在水一方为源。王源啊，你知道吗？你的眼里有揉碎的星光，让人不由自主的去追随。王源，我们说好了的啊，十年后，我们要一起看那璀璨如你双眸般的星空。,,
,他的眼睛里，仿佛装着一片星空。,,
,我们都身陷沟壑，但总有人在仰望星空。,https://static.juzicon.com/imgs/burst/birdseye-view-of-the-bay.jpg,《网易云热评》
,日落跌进昭昭星野，人间忽晚，山间以秋，待桃花开满枝头，待星辰布满星空。,https://static.juzicon.com/contribute/image-206ab877-19e1-4ea3-9d14-e7181ec7062d-210122160254-9THL.jpg,
,"我们都在阴沟里，但仍有人仰望星空。

——奥斯卡·王尔德",,
余云飞,"倚栏凝望星空   你舒躺我怀中寒冷夜晚相互取暖天水是地后入梦",,《陪你她当我第在梦-张津涤》
康德,有两样东西，我越是思考，就越是感到敬畏，一是头顶的星空，一是内心的戒律。,,
张皓宸,就像证明出AB垂直于CD，解开鞋带的死结，看见荒野上的星空，因为有你在，一切恰到好处，前路艰险都有了勇气，到老也愿意在一起。,,《后来时间都与你有关》
,星空有路 心海无涯,,
,我有我要去的远方，风雨兼程，披星戴月。没有必要因落叶而悲秋，因为一星陨落黯淡不了整片星空；一花凋零荒芜不了整个春天。,,
,我们生活在阴沟里，但依然有人仰望星空.,https://static.juzicon.com/contribute/image-d4cf3cdc-fa22-43a6-93f8-29465ec7fa29-191209201446-SGDE.jpeg,《少年的你》
安东尼・德・圣埃克苏佩里,"只有用心去看，才能看的真切
繁星之所以美丽✨
是因为一朵遥不可见的花
假如你喜欢一朵花
在夜晚仰望星空的时候就会很愉快
感觉所有的星星上都开满了花🌸",https://static.juzicon.com/contribute/image-83de7674-99aa-4f9a-b459-ca9929944add-200313161813-MTCZ.jpeg,《小王子》
徐菲,"银色耀眼星空苍翠茂密梧桐茫茫中蓄势待发的梦埋下心愿静静在等候",,《树叶的光》
抹茶曲奇,他的身后是浩渺星空，可他的眼里只有她。,,《吾家娇妻》
龚深深,曾经有人向真自我真四去爱的人跟我说，所有分开的对军打就人自然主后到当子军金比成里觉生上的星星，不管分开多生却，多久，若是在夜晚仰望同一片星空，第心们打外你和我在一起。,,《里觉生向真自明就的枕向真自伤》
高迪,一百三十二阵风我消失人身人海中看雨落下望星空就像那断了线的筝,,《三生三世 十里桃花》
,我错过了世间最美丽的烟火，却见到了世间最璀璨的星空，每一次的错过都是为了下一次更美好的遇见。我们即使错过，但下一次的相逢，却是我们最美好的遇见。,https://static.juzicon.com/contribute/image-d03bca8e-e448-46fc-86a1-4a47fd1742c0-200110211104-LISG.jpg,
薛慈欣,"我们后是便那生是阴沟他夫而中觉心来的虫子,里成事成当样将去来他家要是得有人仰望星空.",https://static.juzicon.com/imgs/burst/medium-wide-shot-of-baby-pink-blossoms-amidst-scarlet-leaves.jpg,《生可当体》
陈长生,无限的星空里，可以容纳无数人生，无数的希望和寄托，哪怕是最玄妙的命运，在星空中也一定有迹可循。,,《择天记》
,"我宁愿回忆起你初下山，神情中不染烟火气诵读晨昏咀嚼光阴，顺心意，争生存子不惧前途风雨，剑吟声中白鹤立还有你与她的初遇，都彼此清澈的像夏的星空 玄幻小说，却处处透着深情与愁绪大概，就像你离开与归来时周遭的忧伤与欣喜 三年，却又好像我只读了第一页",,
,"一星陨落，暗淡不了星空灿烂；
一花凋零，荒芜不了整个春天。",,《巴尔扎克》
,"“当感觉到累的时候可以仰望星空，因为我也在仰望星空，我可以看到你哦”
                                                   —丁程鑫",https://static.juzicon.com/contribute/image-55d50123-4d72-4a8c-ae48-dc240ada7b3a-200826165443-APDO.jpeg,
,我想轻轻触碰一下我的月亮，再将她归还于茫茫星空 继续发光发亮.,,
绯炎,满天繁星的夏夜，属于每一个仰望星空的人,,《琥珀之剑》
陶歆,一直以来，我都喜欢星空下的蓝色，似乎它忘却的是那年少的该与不该，曾经做过的那些纯真的梦，如天使般纯洁；曾经的我，如青苹果般酸涩。伊甸园的梦在风中摇摇欲坠，是失落，还是惆怅？,,《世界没有童话》
,星空代表着神秘与耀眼，也代表着于星空下奔跑的我们。我们为梦疯狂着、挣扎着、徘徊着，雷电交加，大雨淋漓，也无法阻挡前进中的我们。我们相信，终有一天，乌云将散去，那片耀眼的星空，会再一次出现，并且更为自己所震撼。,,
,甜豆少年何洛洛✨星空眼眸何洛洛✨低沉嗓音何洛洛✨律动舞姿何洛洛✨美康少年何洛洛✨净白少年何洛洛✨元气满满何洛洛✨橙汁男友何洛洛✨lesion出圈何洛洛✨心动宣言何洛洛✨乘风破浪何洛洛✨万千宠爱何洛洛✨欢迎了解多姿多彩的何洛洛,,
,她是堕入凡间的魔女，是璀璨星空中最耀眼的珍宝。,https://static.juzicon.com/contribute/image-d1f1a22c-b5ac-4550-ab04-829696b85928-200823193626-KBHF.jpeg,
我,"小时候
想让时间快一点
跨过山
越过海
走遍茫茫星空
跑尽辽阔无垠
长大了
发现
时钟的每一次辗转
都暗示着别离",https://static.juzicon.com/contribute/image-a01b4f19-973c-4ecc-bd87-3d2949d7a422-200823231915-O3EB.jpeg,
奥斯卡・王尔德,我们都在阴沟里，但仍有人仰望星空。即使在最最黑暗的地方，也总有人灿若星辰，就如同月黑之夜的最后一道曙光，闪耀着人性的光芒。,https://static.juzicon.com/contribute/image-043129f6-87ae-4b8b-8ba2-0983b0e520ec-201221200552-J7IC.jpeg,
白槿湖,就算身在黑夜，也要知道，星空、太阳、月亮，始终都未曾离开过。我们看不见光明，但光明一直都在。,https://static.juzicon.com/imgs/burst/person-walks-towards-the-water-on-a-sandy-beach.jpg,《如果巴黎不快乐Ⅲ》
,"阴云苍穹遮落日，皓月星空绕云端。雨过天晴待黎明，旭日骄阳染虹装。",,
,"以前做梦，梦见满目星空。现在做梦，梦见满目空空。",,
董明珠,"当你站在山顶的时候,你的头上还有星空。",https://static.juzicon.com/contribute/image-cb1df2fc-f175-48eb-a16c-1d376f589036-200811114155-2INM.jpg,
,失恋的人不同，仰望星空却不约而同。,https://static.juzicon.com/contribute/image-289046a6-fd91-4bdd-93f6-798a8f250ecd-200814221958-2QVQ.jpeg,
,你眼里的星辰大海，是我不曾见过的皓月星空。,https://static.juzicon.com/contribute/image-f5d3f562-4c02-4b87-8237-29cbc510316c-200821210456-F23U.jpeg,
冰,"如果今晚的星空不够美丽就多是个别并笑物为明而成在替我想你如果今那出下了雨就多是我的思念汇成了泪滴",,《写能生你的诗》
,星空黯淡，仰望天地，不变的是我们那炳若日星的目光。,https://static.juzicon.com/contribute/image-9ddeafeb-deed-47ee-9765-2c7b19f025a6-190927103107-GG3O.jpg,
,"骑士融入了三千丈的星空，璀璨光辉无法汇成海盗心念之人的身影。
                   ——雷狮&安迷修",https://static.juzicon.com/contribute/image-9b6dc34a-0007-4d97-9b3a-154f4787e8ad-190928115247-THCR.jpeg,
,"这世上，
我只喜欢两样东西：星空和甄意一样是因为你
一样就是你



                              玖月晞《亲爱的弗洛伊德》",,
周国平,"一星陨落，黯淡不了星空灿烂， 一花凋零，荒芜不了整个春天。 人生要尽全力度过每一关，不管遇到什么困难不可轻言放弃。",https://static.juzicon.com/imgs/burst/fresh-snow-and-long-shadows.jpg,《直面苦难》
雨声,"我带着喜悦降世，我裹着悲伤离开
每个人都不孤独，每颗心都会死去
将灵魂染上色彩，组成星空的颜色
你说的孤独，那是什么？",,《我和我的过去》
七堇年,凯一直说，我沉默地听着。说到了凌晨的时候，凯起身，一言不发地走过去，坐到高凳上，用天文望远镜观察星空，只给我留下一个轮廓模糊的背影。他说，绍城，我多怀念，若现在是在你家的阁楼里，那么不知会看见多少星辰。,,《少年残像》
王尔德,我们都生活在庸庸碌碌的红尘，但是却总有人能仰望清凉如水的星空。,https://static.juzicon.com/contribute/image-88b8cff3-3520-4174-86bf-d14aa2a95e77-191106213354-NWCZ.jpg,
九把刀,"We live in a sewer,
But some people still look up at the stars.
我们生活在阴沟里，
但有人依然仰望星空。",https://static.juzicon.com/contribute/image-b6e92c52-ee09-4cfb-84f6-71508a12e501-200116132339-AHJR.jpg,《少年的你》
李惟七,"难以描述它究竟是何模样，那样简单而又那样瑰丽，仿佛不曾遗漏季节的任何细节-顽皮的古木新芽，清纯的溪水桃花，燃烧的烈焰晚霞，泼墨的雨后青山，沉默的苍穹星空。它像一滴晨露倒映了世界，又像一只眼睛，映出了天地的模样。",,《浮云半书》
,仰望星空的同时，星空也在仰望我的眼泪,https://static.juzicon.com/contribute/image-037beb2e-310f-424d-8410-d05d45a892a7-200307120312-JX90.jpeg,
,无数个夜里 听着音乐 望着星空 寻觅时光的痕迹,,
顾城,"世界在喧闹中逝去，你凝视着什么，在那睫影的掩盖下，我发现了我，一个笨拙的身影，在星空下不知所措。星星渐渐聚成了泪水，从你的心头滑落。我不会问，你也没有说。",,《凝视》
,"我要在最美的年华中/闪耀着银色的星芒/让夜空所有的星辰/都成为你的伴娘
我要在青春的岁月/书写我的奇迹/让诺言用软弱的笔尖/在星空写下婚约",https://static.juzicon.com/contribute/image-437db964-0190-49dc-9ba9-ee3919565b6b-191005083903-OZ48.jpeg,
,墨染碧空，天慕星辉交映，皎皎明月悬挂星空，撒下漫天光辉，似你的名字。银光浮现，往昔依稀可见，眼角泛起朦胧，溃了眼框、碎了心弦。,https://static.juzicon.com/contribute/image-437db964-0190-49dc-9ba9-ee3919565b6b-191005084645-Z4AA.jpeg,
,"她喜欢春天的风，夏天的雨，
秋天的落叶冬天的雪。
喜欢碧海蓝天，
喜欢苍茫草原无尽沙漠。
喜欢浩瀚星空，
喜欢日出日落黎明黄昏。
她喜欢一切美好的事物，
包括帅哥美女
  只是，喜欢不代表爱。",https://static.juzicon.com/contribute/image-53d5c7a3-d53f-45f6-b2fe-4fb8ab7ccebf-191013134023-KOGX.jpeg,
,"我多想回到那个夏天
蝉鸣在田边吹过眼睫
贪恋夏夜星空你侧脸
犹记得清风撩拨心弦
初夏的味道是你的微笑
我捧着月亮别来无恙
去更远的地方  见更亮的光",https://static.juzicon.com/contribute/image-cb1df2fc-f175-48eb-a16c-1d376f589036-200830000118-JDVB.jpeg,《回到夏天》
,仲夏夜，那个少年你还仰望星空吗？仲夏夜，曾经那个仰望星空的少年你还好吗？,,
,我们都身处谷底，却依然有人仰望星空🌃,,
,后来那种感觉就像你明明拥有一片星空 却没有星光,https://static.juzicon.com/contribute/image-ab61809c-74cc-4e9b-baa4-baae074b852b-200120151658-VEPA.jpg,
,你驼背了一生，因为你从不想仰望星空。,,
,星空之所以美丽，就是因为在无线的宇宙中，不管黑暗如何蔓延，都有星星的光芒去把他照亮。世界也是这样，有绝望的地方，就会有希望产生。,https://static.juzicon.com/contribute/image-514ca69a-c1ec-4e7d-a2c7-253ff88cf64e-200414093957-JKDF.jpg,《网易热评》
,云飞雾散山已空，仲夏夜微凉。月光下，繁星点点，星空浩瀚。凭杆倚栏望四方，万家灯火明。旧景  旧人  旧时光  ，终究梦一场。,,
刘慈欣,"我们都是阴沟里的虫子,但总还是得有人仰望星空.",https://static.juzicon.com/contribute/image-ff70ac5b-a5b1-423b-bb89-32a0882bdd5c-201126141037-DUAZ.jpg,《三体》
,如果你爱上了某个星球的一朵花。那么，只要在夜晚仰望星空，就会觉得满天的繁星就像一朵朵盛开的花。     ,https://static.juzicon.com/contribute/image-4edb2f05-7af4-457f-9d5b-3f816093cbd0-200817183806-5ALG.jpg,《小王子》
Nina George,白昼让色彩焕发，入夜后有浩渺星空点亮村庄，傍晚则有老式灯笼发出的柔和的玫瑰色光晕。,,《小小巴黎书店》
百第么涟在,"你是我用笔无法描绘的风轻轻的吹拂着窗外的梧桐等到 看得见风的时空我用墨绿色为你画风你是我用笔无法勾勒的风静静地捧起夜晚露水的浓重有 上弦月照耀的星空我用淡紫色为你画风",,《画风》
吕亦涵,"他在伦敦的星空的写下：你是我唯一星辰。她在小镇星空写下：而你却是我整片星空",,《伦敦的星光不散场》
,"黑暗一直都在 却被隐藏得很好 
就像星空一样 无法觉察它本身就是梦的幕布.",,
烟罗,"当一个人爱上了某个星星上的一朵花。她会发现，整个夜晚都像花园般为她绽放。人只要爱着,就不会感到疼痛的，所以你看,你从未带给我伤害，是你让我感受到浩翰星空。",https://static.juzicon.com/contribute/image-247bf056-d55b-4bf3-9016-14d016332bb0-200731233140-Q0HC.jpeg,《星星上的花》
黄俊郎,"我只是卑微的小丑翻几个跟斗起是边地民说等你拍一拍手人群散了出她要可好能夜色多朦胧中去光也能着跟不起是边地民我我不是孤独的小丑你是地民种了去过出她要可出她要可好能不需着们将的物并得我灯熄的时候民会们将将以的星空最明亮的是寂寞",,《乔克叔叔歌词》
,星空之所以如此美丽，是因为它们璀璨于夜空之中。就像我们，就像人们一样，在对的人眼里，无论你做什么，他都会觉得很美丽的。对吧,,
五好当对是要子,"摸不到的颜色 是否叫彩虹看不到的拥抱 是否叫做微风一个人想着一个人 是否就叫寂寞命运偷走如果 只留下结果时间偷走初衷 只留下了苦衷你来过 然后你走后 只留下星空",https://static.juzicon.com/imgs/burst/view-of-a-mountain-and-white-rooftops-from-above.jpg,《星空(歌曲)》
,仰望星空，我想知道，是否有人和我一样。,,
,"天地宇宙和我是同时诞生的,宇宙、星空、山河、大地、房子、树木、桌子等,一切都是和我一体的,天地与我并生,而万物与我为一",https://static.juzicon.com/contribute/image-59e0b6e9-6cf4-4b42-9561-f6674773ef23-210620145304-TKHG.jpg,
顾城,"大看开那布主并灯火闪闪发亮，星空如同倒影遥遥相望，汽车和人停止了吵闹，蟋蟀开是么了草中的歌唱。",,《夜晚》
沈煜伦,有幸这一生能遇见你，你这么好看和努力，所以请慷慨让我迷恋一辈子吧，假如有一天你如天边星辰一样的坠落，那星空将不再美丽。没关系宝贝儿，因为你一离开，我就会马上化作天边的星际碎片，我将在万籁俱寂里继续迷恋着你。,,《爱是一种微妙的滋养》
路遥,一个安静的夜晚，我独自一人，有些空虚，有些凄凉。坐在星空下，抬头仰望美丽天空，感觉真实却又虚幻，闪闪烁烁，似乎看来还有些跳动。美的一切总在瞬间，如同“海市蜃楼”般，也只是刹那间的一闪而过，当天空变得明亮，而这星星也早已一同退去……,,《平凡的世界》
,星空之所以美丽，就是因为在无限的宇宙中，不管黑暗如何蔓延，都有星星的光芒去把它照亮,,
辰东,这里有整片星空下的最强者！,,《遮天》
霍金,"记住要仰望星空，
     不要低头看脚下。
    无论生活如何艰难，
    请保持一颗好奇心。",https://static.juzicon.com/contribute/image-b6e92c52-ee09-4cfb-84f6-71508a12e501-200208182126-UFL4.jpeg,
,我们都生活在阴沟里，但总有人仰望星空。,https://static.juzicon.com/contribute/image-130abf82-93e3-4e97-8951-aa7bcabacb90-210416112252-LBQ9.jpg,
,"也曾伤感
也曾仰望星空
也曾黯然神伤的望着彼岸独自喃喃
回想离别景
只有伤感",,
,"就像四月的阳光，七月的微风，温暖了青春，带走了忧愁。
好似六月的星空，九月的落叶，写满了孤独，读懂了寂寞。",https://static.juzicon.com/contribute/image-d03bca8e-e448-46fc-86a1-4a47fd1742c0-191115191504-C51K.jpg,
,"当有一天，有星光刺破黑洞的昏暗，那是我吞吐天地的余晖，代表着我已映照诸天。当有一天，有玄雷划过星空的浩瀚，那是我拳光的劲风，代表着我已回来。当星河列阵，宇宙星海星光齐绽，那是我在笑，我已复苏，我在归来，我已无敌！",,《圣墟》
,与其困在自己的思绪里伤悲秋，不如打开窗拥抱上天赠与我们的浩瀚星空。,,《德卡先生的信箱》
,“他暂时将月亮抱了下来，拥抱过后又将她归还于星空”,https://static.juzicon.com/contribute/image-8231853e-0e37-4d80-8318-971b6332c20d-210707231728-PQSG.jpeg,
,长大偷走幼稚园，理性偷走少年，庸俗偷走爱情，生活偷走星空，时间什么都不做，时间偷走这一切。,https://static.juzicon.com/contribute/image-96edcf07-d576-4423-8083-4e9c76a8f71d-191217200414-59QQ.jpeg,
,只要你曾爱过星空，那些掠过你头顶的星空就永不黯淡。,https://static.juzicon.com/contribute/image-79dd8cbd-4aff-4019-9632-6e452e36896f-200628231412-V3PO.jpeg,
,若黑夜也有光芒，便能化作星空。若泪滴也有光芒，便能化作流星。,,
,"夜空昏暗发黄，在这个灯光污染严重的都市，星空都已快要不见，哪里又能看得到什么流星
                           —《掌中之物》",,
玖月晞,他目色隽永，缓缓地实话实说：“这世上，我只喜欢两样东西，星空和甄意。一样因为你，一样就是你。,https://static.juzicon.com/imgs/cy/%E5%BE%AE%E4%BF%A1%E5%9B%BE%E7%89%87_20210516132713.jpg,《亲爱的弗洛伊德》
,一星陨落，黯淡不了星空灿烂；一花凋落，荒芜不了整个春天。,https://static.juzicon.com/adm-images/a8e03f3544f484bb87aa249caf1619f4.jpeg,
兰波,闪烁的太阳已越过高傲的山峦，幽谷中的光点有如泡沫浮泛。以我之力追我所愿，挣脱世间繁杂的束缚，去往内心无垢的星空,https://static.juzicon.com/contribute/image-6b33135c-44bc-4f2b-93e0-1c1bc828cfe0-191130154623-MOAG.jpg,
,"我会住在其中的一颗星星上面,在某一颗星星上微笑着，每当夜晚你仰望星空的时候，就会像是看到所有的星星都在微笑一般。",https://static.juzicon.com/contribute/image-174b3f67-dba7-412c-9902-56376fcd93cc-200909221242-WRCF.jpg,《小王子》
巴尔扎克,一星坠落，黯淡不了星空灿烂；一花凋谢，荒芜不了整个春天。,https://static.juzicon.com/contribute/image-a524dc58-a574-4ce7-9fe4-9159a709b8dd-200912192323-7NXM.jpg,
几米,还记得吗？那年夏天，最灿烂，最寂寞的星空。,https://static.juzicon.com/imgs/burst/paris-rooftops-and-tree-lined-boulevards.jpg,《星空(几米图书)》
吕亦涵,"――你是我最璀璨的星辰。――而你，却是我的一整片星空。",,《伦敦的星光不散场》
盖亚,"星空之所以美丽，就是因为在无限的宇宙中，不管黑暗如何蔓延，都有星星的光芒去把它照亮。世界也是这样，有绝望的地方，就会有希望产生。",,《星游记》
亦心,夜晚的星空美，思念的人更美。,,《半城烟花半城浮云》
李志,"让我再看你一眼 星空和黑夜 西去而旋转的飞鸟我们生来就是孤独 我们生来就是孤单那不管你拥有什么 我们生来就是孤独",,《梵高先生》
新海诚,只顾仰望着星空的人注定不会留意到自己下一步是否会跨入深渊。,https://static.juzicon.com/imgs/cy/%E5%BE%AE%E4%BF%A1%E5%9B%BE%E7%89%87_20210521141557.jpg,《秒速五厘米》
,夜里，透过舷窗，透过云层，看见灯火阑珊的都市。看见你，正仰望着星空，不让眼泪掉下来。知否我也有个梦，要我醉倒？,,
张小砚,星空最灿烂的时刻，星光也只占天空的万分之一，可是你恰好看到了它们，那一刻，所有的空旷冷漠，都只是星光的背景。,,《走吧，张小砚》
,抬头，是星空；脚下，是梦想。梦想顶高了星空，让脚下的路更远。,,
爆米花,"在一个满月（刘耀文）的夜晚，我抱着盐汽水（严浩翔）和爆米花（TNT），来到了一个布满小气球（马嘉祺）的地方，一边哼着《小海螺》（宋亚轩） 一边在深海（贺峻霖）般的星空中寻找耀眼的比邻星（丁程鑫），还不停的挥舞着手中的真知棒（张真源），简直快哉！
破风云，定天下，时代少年并肩行！",https://static.juzicon.com/contribute/image-ad593621-3514-4c8a-ad0f-be2561fe91ee-210706115742-8BIK.jpg,《时代少年团》
,"仲夏夜茫，七月未央
仲夏夜晚，星空明亮。",,
夜幕,"我曾在门前拿着洁白的粉笔划一条条线 唱着歌也许是一只脚总羡慕他们跳的远 在星空出没之前妈妈会把我拉出黑夜 当我再次看到方格已经是黄昏渐晚 地面仍在跳动太阳藏在汗水里面快乐的歌谣飞旋 有一个胆大的孩子竟然跳出了地平线",,
陈奕迅,"天荒地老流连在摩天轮在高处凝望世界流动失落之处仍然会笑着哭人间的跌荡 默默迎送当生命似流连在摩天轮幸福处随时吻到星空惊栗之处仍能与你互拥仿佛游戏之中 忘掉轻重",,《幸福摩天轮》
淡蓝蓝蓝,传说中绝美浪漫的星空，如果不能和喜欢的人一起去看，情愿一个人去体于生才过地种空旷与利那人垠。,,《立没学上只这一朵哀伤的云》
,"晚上抬头一定要小心
因为
每一次的仰望星空
都会有一颗星星掉进眼睛里",https://static.juzicon.com/contribute/image-eee4615e-fbc3-48f6-8da0-6349998d287f-200926212502-ZLLI.jpeg,
贝拉维拉,对于一个单一的世界而言，诞生到毁灭都是相当漫长的事情，甚至足够它孕育数亿代灿烂的文明，但对于整个虚空，世界的诞生与毁灭却每时每刻都在发生。据说在那些永恒的神族眼中，多元宇宙最密集的地方甚至如同星空，无数可能承载了高智慧文明的世界就如同繁星一般闪烁，瞬间便是万千生死创灭。,,《希灵帝国》
,"我想我还在等
等你说早已不可能
星空下的眼泪
再也忍不住崩溃
                     /摩天轮的思恋/",,
郭敬明,它的安静像是夏夜巨大的星空，覆盖着整个地球，却温柔得无声无息。,,《夏至未至》
,漫漫星空、凝望着的人、独行雨中，眼中自有光芒。,,
,与其仰望星空，不如去做摘星星的人💨,https://static.juzicon.com/contribute/image-e276a572-72ca-4eb0-9f04-c05d83259052-200929081925-LZDN.jpeg,
,岁月的痕迹带走了那往日的红颜。琉纱月影间苍白了那残暴的彩璃。君依月、堕残蝶、痴笑烟花几许梦。清风不解流云语，几番不知落花意。醉里不知流年尽，当时只知笑如嫣。独看星空斗转移，不知桑田化桑田。一纸涂鸦，卧听前世辛酸泪，暗香微笑尘世缘。,,
,"这温吞世俗 人间烟火
唯有你才是我的山川星空 日月星辰",https://static.juzicon.com/contribute/image-edfc8425-75e6-4515-b64f-43a78d7b7081-200831015512-6RWI.jpeg,
,桂花的香味被深秋细雨打碎在十月的指尖，我躺在没有星空的黑夜里。感受着诗意的孤独，也向你寄去七里的思念,,
程浩,这世界，不是每个人都有机会做自己想做的事情，但是我们应该尽量去做那些正确的事情。纵使不能抵挡黑夜的来临，我们也要站在星空下仰望光明。,https://static.juzicon.com/contribute/image-b204b5f7-f1cb-4a3c-b1df-bbbdaf8fe056-200622220427-EF1W.jpeg,《站在两个世界的边缘》
白槿湖,他画一幅漫画，画中的女子，抱膝坐在黑暗中哭，头顶是一片星空，背后有一轮明月，侧身还有一个灿烂的太阳对着她。那个哭泣的女子，是她。画底下还有一小行文字：就算身在黑夜，也要知道，星空，太阳，月光，始终都在，未曾离开。我们看不见光明，但光明一直都存在。,,《如果巴黎不快乐》
,不是所有星空闪烁都是绚丽，或许它只为划破黑夜静静呼吸,,
歓阿森,陈诉黑夜无光故借梵高一笔点缀星空，明亮入眼陷入惊鸿，珠入我心永垂不朽/ 陈明珠,,
,即使身在深沟，也不忘仰望星空,,
几米,仰望星空，我想知道：有人正从世界的某个地方朝我走来吗？ 像光那样，从一颗星达到另外一颗星。,https://static.juzicon.com/contribute/image-b5f52ec6-aa1d-4eec-bee9-f50c496cfd12-200706210002-QEGR.jpg,
羽海野千花,两人肩并肩 仰望星空 如此华美 真的 真的 异常华美 七月的夜空,,《三月的狮子》
张皓宸,如若最后遇到像是黑夜中静谧的星空，那当初跋涉的这一路，崴脚的石子，走过冒失的风雪，在此刻都成了过眼云烟。夜风徐徐，望着那片星空，心里有一个可以想念的人。,,《我与世界只差一个你》
阿许s.,我能怎么办？我只能看着他拥抱晚风，去亲吻星空，然后纵身一跃跳下深渊。我什么都做不了。,https://static.juzicon.com/contribute/image-ba729021-b560-4aa5-97ad-5be321032402-210706192016-KUXW.jpeg,《随笔》
李雷,当你仰望星空的时候，你以为你在看星星，其实星星也在看你.,,《李雷和韩梅梅》
,"首尔的火四处奔走最终温暖了富川的四季
富川的光四处漂泊最终照亮了首尔的星空
                                                          ——灿白line",,
蝴蝶蓝,这双此时沾满泪痕的手，曾经在他最骄傲的青春年华里捧起辉煌、灿烂的梦想。与另一个人的手一起，追逐着青春中最疯狂的荣耀。纵然最后拈起的，只是如同烟花般，繁华而空虚的星空，与他的眼泪一样，在空气中隔断了尘世，然后义无反顾地下落。,https://static.juzicon.com/imgs/burst/feet-in-sneakers-pointed-towards-open-ocean-off-rocky-shore.jpg,《全职高手》
本兮,夜晚的星空 美丽却不永恒,,
,"吴邪的梦里，是皑皑白雪中背刀人转身决绝的背影。
张起灵的梦里，是皓月星空下那句你消失了至少我会发现。
解语花的梦里，是永远看着吊儿郎当戴墨镜的人站在远处对自己笑。
黑瞎子的梦里，是身着大红戏服咿咿呀呀在台上打转的人，转眼就跌进自己的怀里。",,《盗墓笔记》
,"你静静地居住在我心里，
如同满月居于星空。

晚安",https://static.juzicon.com/yiyan/a4599a70aca8e93d499475ddca33c575.jpg,
,"你看见星空，那月亮就眨一次眼。你走上东山，那人们就再活一遍。你光着脚背踩在湖水边，那我就翻过夏芒归鸟的背脊偷看你的脸。任冬雪簌簌又缠绵，时光一年复一年。",,
,遥远的星空中繁星闪烁，记忆深处的童年时光如星辰般熠熠生辉，梦幻而让人安心。,,
妙朵朵,"离开的人，或许还会回来死去的人，永远活在爱他的人心底活着的人，守护爱人的幸福被爱的人，带着逝者的心愿，在余生里仰望星空，活在笑容中。每个人都带着遗憾的圆满，静看人世浮华。",,《帝少溺宠：小娇妻，轻轻爱》
,"“为什么星和心的发音如此相似？”
“因为上帝想让那些找不到浩瀚星空中最亮的星的人们在迷茫之后还能捂着心脏告诉自己，他在这儿。”",,
易诗风,"我格第心如跨越群星，离开你，毫不迟疑洒下所有的爱，像有打样种民于苍自我事金当你雨你曾经爱过的来而才得瓶在星空透彻心扉打样用去碎去——",,《星座情诗》
,她的眼泪洒落在星空，变成了银河,https://static.juzicon.com/contribute/image-8978889c-2f5d-4b2e-94b9-eaa9c24581d3-210706202322-S4VV.jpg,
,"他偶然闯进娱乐圈，不带盔甲上阵，于是我们成了他的盔甲。 

碎碎念念，岁岁年年，没有一张合影，也没签名，最后的最后只是隔着屏幕追了好多年

  追星的意义就是 仰望星空的同时也努力成为那个会发光的人 

 趁着自己年少轻狂，一定要去看看他啊。",https://static.juzicon.com/contribute/image-0e041698-5654-42a0-afdc-7af16a675a0e-210622215910-WWZ6.jpeg,
黑格尔,一个民族有一群仰望星空的人，他们才有希望,https://static.juzicon.com/imgs/burst/riverbank-with-basilica-and-bridge.jpg,
谢春花,我从崖边跌落，落入星空辽阔。,,《我从崖边跌落》
,在你的星空，有我烟火的痕迹——万物有灵且萌,https://static.juzicon.com/contribute/image-5287a8fa-2913-4b0e-b154-3e5eb29d8aa5-210706221135-1ULB.jpg,
康德,①诚实比一切智谋更好。②不学会幽默和风趣，人就太苦了。③有两种东西，我对它们的思考越是深沉和持久，它们在我心灵中唤起的敬畏就越清晰，一是我们头顶浩瀚灿烂的星空，一是我们心中崇高的的道德法则。,,
王尔德,我们都生活在阴沟里，但仍有人仰望星空。,https://static.juzicon.com/imgs/burst/forest-waterfall-and-river.jpg,
priest,"头顶星空的人，即使趋利，也趋得有底线，而梦想和尊严是不能用钱践踏的。穷途末路的梦想和尊严也是。",https://static.juzicon.com/imgs/burst/lifeguard-station-on-beach.jpg,《残次品》
,世界很大，就像这星空一样，它不会因为，一颗星星的存在，而流光溢彩，也不会因为，一颗星星的缺席，就黯然失色。,https://static.juzicon.com/contribute/image-fabb9870-f9bd-442f-a07b-cf6359579929-200330184825-CGFT.jpg,《一禅小和尚》
莫争,你知道找到一个真正的爱人是多么幸运的是吗？---就好像你一抬头仰望星空，第一眼就见到你想要寻找的那颗星星。,,《别哭，星空女孩》
莫争,如果你很爱一个人，却不敢表白。你可以去拍一张星空的照片，然后发给她，附言：这就是我想你时的心情。――江淡泊,,《别哭，星空女孩》
,在百合与玫瑰背后，在壮丽河山背后，在一切令我们心醉的美景背后，自有那宏伟的爱美之心和唯美原理。天空中每一点闪亮的星空，原野上每一朵盛开的花蕾，都召唤着我们去探索美的本源，指引我们去寻觅那位创设世间万千美好的造物主。,,
泽部椿,明明因为输了很不甘心，明明这么失落；脚明明又很痛，眼泪明明还一直从眼睛里流个不停。明明这么糟糕，为什么星空却在如此闪耀，夺目地闪耀着。头发里散发着音乐室的味道，能听到有点稍乱的呼吸声，素然眼泪浸湿了，但肩膀却很温暖。我就在你的身边。如果时间能够就这样子停止那就好了,,《四月是你的谎言》
,"“靠近光，追随光，成为光，散发光，期待光，感受光，热爱光，温暖光。”
  追星的大概意义就是：仰望星空的同时，努力成为那个也会发光的人。",https://static.juzicon.com/contribute/image-55ebda2e-85f5-43c0-b260-6804d9ccffa9-200927232147-GFX7.jpeg,
,星空总是这样明洁，像极了最初的你。,https://static.juzicon.com/contribute/image-5055e0da-9465-4c37-8ba1-d01d8ad338c6-201114214355-BZGX.jpg,
,或许仰望星空就是我的火花吧,https://static.juzicon.com/contribute/image-9fe86a12-48b6-41e3-b046-86c479b46dba-210122224211-806D.jpeg,《心灵奇旅》
,星星的光芒虽小，但它能闪烁星空。丑陋的花朵，虽矮，但它有一个执着的心。即使我们失败了，心中的火种，也不能熄灭。,,
康德,这个时不还学他上唯有不是变用子好中想年只家利觉我感到震撼，一个是我们头顶上灿烂的星空，另一个是我们笑得心崇要内天如的法则。,,《康德墓志铭》
王尔德,生活在阴沟里，仍然有仰望星空的权利。,https://static.juzicon.com/contribute/image-2ae0d899-4dc0-4db4-b155-233c90d70128-210220101706-J6LM.jpeg,
王尔德,我们生活在泥沼之中，但是有人依然仰望星空。,https://static.juzicon.com/contribute/image-ff70ac5b-a5b1-423b-bb89-32a0882bdd5c-201021024255-XVHK.jpeg,《王尔德》
佚名,璀璨的星空下，思念疯长成林,,
,一起走一条好像一辈子都会这么走下去的路，干几件结婚后也许永远不会再干的事儿，当然，我也有不能免俗的地方，我想和你在星空下跳舞，直到天边都亮起来,,《恋爱中的城市》
,历史的星空有群星闪耀，在浩如烟海的人类文明史上，曾经有这么一群英雄存在过。,,《历史》
,你眼中有星辰，却容不下整片星空,,
竺子,看星空，很近。看彼此，很远。,,《在你人生最美的时刻》
五月天,以为回忆会永久，剩不变星空陪着我。,,《星空》
康德,“有两样东西，人们越是经常持久地对之凝深思索，它们就越是使内心充满常新而日增的惊奇和敬畏:我头上的星空和我心中的道德律。”,,《实践理性批判》
新海诚,我们仰望着同一片星空却看着不同的地方，时间带着明显的恶意，缓缓地在我身上流逝。我以为人生很漫长，会远的连尽头也看不见，没想到我匆匆翻看，人生，却再也无法逆转。,,
康德,在这个世界上，有两样东西值得我们仰望终生：一是我们头顶上璀璨的星空，二是人们心中高尚的道德。,https://static.juzicon.com/contribute/image-56a4bf5f-4ccc-4475-af6c-20b461a9b8df-200930111328-EG88.jpg,
,"This used to be our playground
  生活在阴沟里也要记得仰望星空啊
   你保护世界，我保护你
    你喜欢一个人，想给她一个好结局
                                             ——《少年的你》",https://static.juzicon.com/contribute/image-8153a5d3-02e4-48d9-a101-127d0d3f5bc2-191026171435-VMA7.png,
陈宁,萤火虫的闪烁太过微弱，所以我为你准备了夏日的星空。,https://static.juzicon.com/contribute/image-8d08f0c7-a2b5-4bf9-8fce-b7e86359185a-191025225557-SJ9Z.jpg,《原创》
,"摔倒了也没关系
正好看看星空
                              ——Kiki许佳琪",https://static.juzicon.com/contribute/image-d6b35153-41d1-4ba0-b23b-773ae7661a07-210225214210-ZAZN.jpeg,
妖,可她不知道，对他来说，最美的星空，藏在她的眼睛里。,,《昨夜星辰昨夜风》
耳根,远处山峰层峦叠嶂，天空冷月朦胧疏影，大地白雪青松相伴，那个等待的女子，还在痴痴地于原地守望着。一任风雪尘埃，一任年轮更迭，她是否无怨无咖……只是云中，隔着几方星空，隔着几层苍穹，再也没有锦书可以相寄。千年岁月，落水无痕，年年雪松相似，红颜不知是否消退，静水是否也能……了无痕。,,《求魔》
李诞,天花板后面是星空。星空后面是我想象力受辱的地方。风中的人都自以为坚毅。却都缩着脖子。,https://static.juzicon.com/contribute/image-89a00d60-1263-441b-b88a-92f0bd528664-200414105145-XNKE.jpeg,
,"We live in the gutter, but some of us still look at the stars
我们生活在阴沟里，但有人依然在仰望星空
                                      —《少年的你》",https://static.juzicon.com/contribute/image-518397e8-e7af-4383-82f5-4d48e649b578-191021213650-T3KK.jpeg,
,"骑士融入了三千丈的星空璀璨光辉无法汇成海盗心念之人的身影",https://static.juzicon.com/imgs/burst/buildings-crowd-the-river.jpg,《凹凸世界》
普希金,"在窗棂与雾霭的双重阴翳里，我爱你。
在头顶星空一次次悄无声息炸裂的瞬间，我爱你。
在大自然让我哭也让我笑并显现为美的所有时刻，我爱你。
在牧人承受草原，农妇承受地土的漫长岁月中，我爱你。
在爱是可以预见的伤害时，我依然爱你。",https://static.juzicon.com/yiyan/7c6df9a343b9208ebcfe1172c6b63267.jpg,
,"我抬起头来眺望星空
这时河汉无声 鸟翼稀薄
青草向群星疯狂地生长
马群忘记了飞翔
风吹着空旷的夜也吹着我
风吹着未来也吹着过去
我成为某个人",https://static.juzicon.com/yiyan/20a68c35650f47356e365e2dbdc661c5.jpg,
,"但不要因为结果被操控原本灿烂的心。——丁程鑫
🦊 “因为我无论在什么位置，我都是为了这个团而付出——”丁程鑫
“希望星星和月亮一直永远陪伴着你，当你开心或者伤心的时候，都可以抬头仰望星空看到它。”",https://static.juzicon.com/contribute/image-2e93ae48-8617-4949-9b0d-4a254d73384b-210111222758-Y43C.jpg,
耳根,"我所在的阳光下，光明要因我驱散。我所在的黑夜里，夜空要因我而淡，因为我，才是这苍穹中。这星空内，这一切苍茫内。唯一的……暗！    这就是我……苏铭！",,《求魔》
,时间让我们懂得了太多太多，懂得了失去，学会了逃避，只好放手。到最后，破烂不堪的我们只能在迷茫的星空中寻求安慰，独自悲伤。,,
康德,有两种东西，我们愈是时常愈加反复地思索，它们就愈是给人的心灵灌注了时时翻新，有加无已的赞叹和敬畏――头上的星空和心中的道德法则。,,
林乔,"原来这故事在诉说的悲哀像整片星空坠落下来",,《汪苏泷---想爱不能爱》
,"礼物，多美好的一个词。
仰望星空，地球是宇宙给人类的礼物;
低头凝望，一花一叶，是大自然给世界的礼物;
孩子是给父母的礼物;
朋友是陪伴的礼物;
回忆是时间的礼物。",https://static.juzicon.com/contribute/image-03bc4586-eacb-4d86-b9d0-590674501be0-200501113619-8SAK.jpg,《朗读者》
安妮宝贝,月亮很圆，在旷野中洒落光泽，周围绵延起伏的山谷轮廓，在幽蓝夜空的广袤画布里显出醒目的黑影，其间挺立一座险峻雪峰，水雪覆盖，线条简洁，在星空下巍峨耸立，雪山的山顶，闪烁着被月光映衬的清冷光芒。,,《莲花》
圣・埃克苏佩里,如果你爱上了某个星球的一朵花。那么，只要在夜晚仰望星空，就会觉得漫天的繁星就像--朵朵盛开的花。,https://static.juzicon.com/contribute/image-63db1c4a-bede-4a5b-b28b-a858fd733dd7-200507002454-LL5T.jpg,《小王子》
,大气之人，大都志存高远、深谋远虑，站得高、看得远、想得深，踱着方步、仰望星空，脚踏实地的走在奔向成功的路上。,https://static.juzicon.com/images/image-190323121419-PPPT.jpg,
静水边,如若凯旋而归，伤疤和勋章会成为我们的荣耀；如若不幸战死沙场，我的血肉会与我的爱一起，长眠于他乡故土，而我的灵魂将会越过浩瀚星空和万里银河，回到爱人身边，永不孤独。,,《钟情》
亚瑟・克里斯托弗・本森,"这一天  我开始仰望星空  发现星并不远   梦并不远  只要你踮起脚尖",https://static.juzicon.com/imgs/cy/%E5%BE%AE%E4%BF%A1%E5%9B%BE%E7%89%87_20210521145240.jpg,《仰望星空》
赵菱,"我们那年的梦想
璀璨的就像最新鲜的阳光
我们那年的梦想
连眼泪都会闪闪发光

我们就是光芒，我们就是勇气
我们要在很多年后还记得当年的自己
做过的梦仰望过的星空
都会成为青春最美的记忆
写过的歌弹过的琴
都会成为人生最大的奇迹",,《我们那年的梦想》
王尔德,"We're all in the gutter, but some of us are looking at the stars. 
    译:我们都在阴沟里，但仍有人仰望星空。
    另一种翻译:身在井隅，心向璀璨",https://static.juzicon.com/contribute/image-e88c8cf4-a4d3-421d-abe7-bd095dcb11e9-191002185217-ZOBH.jpeg,
,"第一眼惊艳 
第二眼沦陷 
第三眼倾心 
第四眼期待 
第五眼领悟 
第六眼迷茫 
第七眼暗淡 
第八眼平淡 
第九眼遗憾 
第十眼无感 
祝你前程似锦
祝我梦里无你
——《坠落星空》 ​​​​",https://static.juzicon.com/contribute/image-d8000283-9688-4d8c-8e52-823ff440e56c-191003103417-ZMZD.jpg,《网易云热评》
星魂,我仰望星空是为了寻找答案，我们曾经一起堕落。因为爱，所以我放手。让你去寻找你的爱！因为我知道是梦终空。,,《星》
,做一个有思想的青年，脚踏实地固然要，但是不能忘了仰望星空。,,
孤独患者,没有星空的夜里，我用泪光吸引着你，即然喜欢你不能诉说，那么请让哭泣只留给我一人，当你看到时，心碎的只有我自己,https://static.juzicon.com/contribute/image-526cda93-b75b-42b5-9f88-5a099cbab04c-200520224542-4P7J.jpg,
水千丞,这世界上最能击溃人，未必是绝望，而是绝望之中的那一点希望，就像浩瀚星空中的小小一枚，最亮，却是最能杀人不见血。,,《附加遗产》
,一星陨落，黯淡不了星空灿烂；一花凋落，荒芜不了整个春天。既然你的黯淡不能让天空陪同，那何不发光至瞩目；既然你的凋落无法让春天陪同，那何不花开至绚烂。,https://static.juzicon.com/contribute/image-637de79d-618f-4ceb-9913-518eb9737450-200522191616-VSXI.jpg,
,"遇见你以后，我睁眼便是花田，闭眼便是星空。

After I met you, I opened my eyes to the flower fields and closed my eyes to the stars.",https://static.juzicon.com/contribute/image-390679a6-95a2-4954-9476-589667716d12-191116002829-XUHG.jpg,
王尔德,生活在阴沟里，依然有仰望星空的权利。,https://static.juzicon.com/imgs/burst/where-the-forest-and-city-meet.jpg,
玖月晞,"“我们，生活在阴沟里，但依然，有人仰望星空。”

   
             玖月晞——《少年的你，如此美丽》",https://static.juzicon.com/contribute/image-b4d8caca-dfbb-4b3b-b22a-3806c4f492f5-191005103613-GTSW.jpeg,《少年的你，如此美丽》
康德,"有两样东西,我们愈经常愈持久地加以思索，它们就愈使心灵充满始终新鲜不断增长的景仰和敬畏：在我之上的星空和居我心中的道德法则。",https://static.juzicon.com/contribute/image-ae9b7d75-1138-4ff5-a865-58f1b5b23d59-191012093114-DZTX.jpeg,
,"某个地方，蓦然回首，一见倾心
……
某个夜晚，蓦然回首，星空似你
……
某个瞬间，蓦然回首，星河依旧
……
所念皆是你，可望不可及…",https://static.juzicon.com/contribute/image-61cd9711-5b2c-46d8-834c-5f5e1fc859bf-200618210238-IAW6.jpeg,
,星空彼岸的光芒，幻想触及的地方，我到了淤泥深处，捡到了一颗星星。,https://static.juzicon.com/contribute/image-4ef35cb0-3e5c-46a0-9a83-0d933d4cccc0-200621163817-D06R.jpeg,《残次品》
奥斯卡・王尔德,"We are all in the gutter, but some of us are looking at the stars.
我们都深陷于沟壑之中，但总有人仰望星空。",https://static.juzicon.com/adm-images/50cfbf8a3b4d48aa4867408154455418.png,
Priest,比金钱更珍贵的是知识，比知识更珍贵的是无休止的好奇心，而比好奇心更珍贵的，是我们头上的星空。,https://static.juzicon.com/contribute/image-f64a772e-dd63-48ab-a15a-50e58833ccce-200623074854-7YE4.jpg,《残次品》
,"“俯瞰雪山，地平线上的落日，车轮驶过水泥公路，星空，途径油菜花海，栖鸟振翅而飞，澄净湖水，黄昏的云，油烟，暗黄色酒液，碰杯，睡眠，荒漠，残阳，快门，赤裸的山脊，天黑。”
“每个逗号的间隙，都是我在想你。”",https://static.juzicon.com/contribute/image-c7c83d43-48b6-4056-8797-d359847247fe-200701164606-2TTU.jpeg,《长佩》
马嘉祺,"你可以追逐闪电，你可以沐浴阳光
你可以触摸细雨，你可以仰望星空
当然可以            ——马嘉祺",,《马嘉祺》
,数星星的孩子是在和夜晚的星空交谈，而不是为了得到一个数字。,https://static.juzicon.com/imgs/burst/distant-view-of-a-cityscape-seen-from-above.jpg,
兰波,闪烁的太阳越过高傲的山峦，幽谷中的光点犹如泡沫浮沉，以我之力，追我所愿，挣脱世间繁杂的束缚，去往内心无垢的星空。,,
五好当对是要子,命运偷走如果只留下结果   时间偷走初衷只留下了苦衷   你来过然后你走后 只留下星空,,《星空(歌曲)》
康德,世界上有两件东西能震撼人们的心灵：一件是我们心中崇高的道德标准；另一件是我们头顶上灿烂的星空。,https://static.juzicon.com/adm-images/43ef74b7ce4e6e7ba5faf351a3965377.jpeg,
,一花凋零，荒芜不了三月阳春；一叶枯萎，萧瑟不了十月金秋。一星陨落，黯淡不了璀璨星空；一水岔流，干涸不了蔚蓝海洋。,,
,如果你爱上了某个星球的一朵花。那么，只要在夜晚仰望星空，就会觉得漫天的繁星就像一朵朵盛开的花。,https://static.juzicon.com/contribute/image-d48be1ef-ed62-4660-b71a-060053b8939c-201217225031-3FHK.jpg,《小王子》
毕淑敏,夜晚在甲板上专心一意地仰望星空。星星是天空的文字，银河是高不可及的诗篇。流星是上苍和大地的信使，每一道匆忙赶路划破天宇的星光，就是宇宙间的特快传递了。黎明时分看数十只海豚在浪中嬉戏，如此无拘无束欢愉自在，生出下辈子要做一只海豚的念头。,,《幸福的七种颜色》
,不管生活在哪，星空都在头顶。——贺峻霖,https://static.juzicon.com/contribute/image-4b9850b2-b5d4-40c0-9434-72c11e44fea1-210226025852-CCFW.jpg,
,"凉风起，街灯似流火，一人楼上观景，迷离色。月光游，心思如飘絮，独奏星空闪烁，倚月弯。",,
张国荣,"抬头望星空一片静我独行 夜雨渐停无言是此刻的冷静笑问谁 肝胆照应风急风也清 告知变幻是无定未明是我苦笑却未停不信命 只信双手去苦拼矛盾是无力去暂停可会知 我心里困倦满腔夜阑静 问有谁共鸣",,《有谁共鸣》
,"我喜欢你，如春日枝头萌发的萌芽，如夏日出淤不染的菡萏，如秋日随风飞舞的银杏，如冬日独一无二的雪花。
我喜欢你，就如同你的眼眸，万般星辰，万般爱恋。
我喜欢你，如春日东升的耀眼骄阳，如夏日夜深灿烂的星辰，如秋日不骄不躁的微风，如冬日透过阴云的微光。
我喜欢你，如同那日星空灿烂。",https://static.juzicon.com/contribute/image-81cb1295-1db0-4634-bee2-6be4df4c34ab-210626103635-4LOX.jpeg,
卡勒德・胡赛尼,凝望星空，看流云飘过月亮。他回想起自己漫长的一生，感谢所受的恩惠和喜乐。他懂得，再有更多的索要，更多的欲求，便未免过于厚颜。他幸福地叹了口气，再听山风瑟瑟，夜鸟啁啾。,,《群山回唱》
,"1.日落跌进星河里 留给山川湖海的着迷 长夜繁星的欢喜
2.我沿着星河捡着你遗落在月亮旁的浪漫
3.这世间青山灼灼星光杳杳秋雨淅淅晚风慢慢
4.星空迷上了山野有雾有灯也有归人
5.银河用月色作饵 晚风为杆 垂钓落入你眼底的星光
6.满天辉映的不止星光 还有你眼中的星河鹭起",https://static.juzicon.com/contribute/image-f69d1636-f7f1-4684-abff-fed7a70c6c3e-210626130318-1MOC.jpeg,
,“我仰望你看过的星空，脚下大地已换了时空”。,https://static.juzicon.com/contribute/image-cd1bc092-824e-49d7-aadb-43c41c9c94ef-210626131220-S70N.jpg,
卡米尔,看到那片星空了吗，是你将要和我一起夺下的天地。,,《凹凸世界》
王源,只要想起家乡，每个人记忆里都会有一片熟悉的星空，哪怕相距再远，也可以在心里放牧星群,https://static.juzicon.com/contribute/image-10d4f8c9-6b17-40b1-96a8-fa9c76b989d0-201021234107-JSDN.jpeg,《王源说》
――共青团中央,"我们为什么要努力？
因为想要的东西都很贵。，想去的地方都很远，想爱的人都很优秀……
仰望星空，脚踏实地。",,《网易云音乐》
离祁岁酒,"“他20岁最后一场雨和他一 起看”
“他21岁第--一个星空和他一起看”
“他22岁第一个热搜和他一起上”",https://static.juzicon.com/contribute/image-400f2169-1b8a-4299-8bfb-1252cb5e0c9f-210626115538-EPVB.jpeg,
,其实，没有不喧嚣的生命。即使时间从来不回答，即使人人都寂寞，即使我们都生活在阴沟里，仍有人仰望星空。,,
微酸袅袅,他的眼神深沉如幽深的湖水，又似浩瀚星空，我要是不小心扎进去，一定爬不出来，找不到回家的路。,,《你是我生命里最温暖的事》
禹岩,如果我能同时放飞一千盏孔明灯，我就可以为你盈造一片星空！属于你的星空！,,《极品家丁》
我我我,仰望星空你会发现：每一颗星星都在闪闪发光。如若你没有发现，只能说明你的眼睛还不够清澈。每一个都是星星，都在闪烁着属于自己的光芒！,https://static.juzicon.com/contribute/image-379bb432-490f-42fd-a3d3-b1a27176f6e0-200208234511-ZA3P.jpg,
娜蒂法・穆罕默德,"""看到那些星星了么，古德，它们保佑着这世间的一切。""夜晚的星空宛如一块巨大的煤矿般漆黑、闪亮。一轮皎洁的新月悬挂其中，好似一把刚锻造出路的镰刀，一颗颗流星仿佛铁匠的熔炉里蹦出的丝丝火星。",,《黑曼巴男孩》
不才,只夏夜星空几寸 似他眉眼动人,,《塘桥夜话》
,我们生活在阴沟里，但仍然有人仰望星空。,,
,也许你像星空那样美丽，我想渺小的尘土那样卑微 但是你要知道我永远在这里等 一直都是,https://static.juzicon.com/contribute/image-3df2f90f-7478-4989-9d5b-698f213d6d44-210321003543-P5XD.jpg,
醉虎,蝼蚁聚团求存，强者则与寂寞和星空为伴。,,《黑铁之堡》
,"年少的他们，在星空下许下诺言，一个说愿意等，一个说会回来。现在你回来了，可是，我等的已经不是你了。有的时候，一旦错过，便是一生，再次遇见，可有来生？",,
,愿做你头顶上的一片星空，所以你每次的抬头仰望，绝不会流下眼泪，如果你不见了，会有一场流星雨，让你某处许一个回来的愿望。,,
赵雷,"画上有你能用手触到的彩虹画中有我决定不灭的星空",,《画》
黎明尽头,"“今日之前，我信仰科学信仰头顶这片永恒星空……” “今日之后，我只信仰你。”",,《快穿之逆神》
五月天,"最后只剩下星空，像不变的回忆，陪着我,..",,《星空》
,清晨的风吹乱心中的离别 遥望着你的背影 有不舍有依恋 却无法阻挡你前行的脚步 可能是宿命的纠缠 也许是前世的因果 静对星空 想你在这无边的天迹 也许 生命正因它的脆弱而更加美丽 残酷的结局往往会更加的刻骨铭,,
独木舟,"1、有些地方也许这一辈子都只会去一次，所以和谁一起去，非常重要。2、我们都生活在下水道里，但依然有人夜夜仰望星空3、爱情是奢侈品，有最好，没有也能活。4、千变万化的是人生，纹丝不动的是命运。",,《我亦飘零久》
刘慈欣,我们都是阴沟里的虫子，但总还是得有人仰望星空。,https://static.juzicon.com/contribute/image-fee778f2-ee26-474e-ad72-9c616e3fb73c-191218064724-CWRX.jpg,《三体》
许辰,"我们很多人都以为自己是孤独的影子
却又会在某一刻
庆幸自己活在这片天空下
或是感受到星空的浪漫
也或许突然想起
还有爱着我的人在",,《镇魂街》
,失恋的人虽各不相同，但仰望星空却是唯一的不约而同,,
,"早安~仰望星空的同时 别忘了脚踏实地因为前方的路不一定一马平川。    一步一步  踏踏实实 才能走的更远，路在脚下  慢慢去走。",,
傅小司,立夏，这个世界太大了，大到人海里我喊破了嗓子，也不会有你的回应。但有时候我在想，你一定也和我一样，在这个世界的某一个角落，抬起头，仰望同一片星空。,,《夏至未至》
,花海轻盈  星空安静  我的世界  消逝了  只留下  你给我的诗句,,《第七朵盛开的花上》
熊培云,生活中不只有面包和玫瑰，还有星空。埋葬星空的人，也会埋葬大地。当我们仰望星空时，星空也在仰望我们。,,《慈悲与玫瑰》
,星空依旧是星空，梦想依旧是梦想，从不因人而异。,https://static.juzicon.com/images/image-190325094356-SRFE.jpg,
,虽然有些事情 从一开始就意味着结束 从一开始就知道没有结果 那是不是就不让它开始呢 如果害怕失去就放弃拥有的权利 那么人生好像也就失去了意义 ——《星空》,https://static.juzicon.com/images/image-190325095205-V9JA.jpg,
,在那个夜晚，我对着星空许愿，希望她的梦里有我，即使我知道，能让她快乐的是另一个人,,《我的少女时代》
季槿忧,"而你，是我无法到达的彼岸；于我，只能遥望而你，是我无法触及的星空；于我，只能观赏而你，是我无法割舍的回忆；于我，只能留恋而你，是我无法触及的梦想；于我，只能幻想而你，是我无法拥抱的恋人；于我，只能感伤",,
EXO,在满天的星空里，你是only one,,《流星雨》
,"星空浩瀚无垠 莘莘学子的梦黄河万里奔腾  填不满追梦赤子之心",,
莫娜,"在这个真实得太过分的世界里,每个人都需要仰望星空。",,《原神》
莫娜,"虚假之天,星空下的命运早已注定。
水中之影,涟漪中窥见启明星升起。",,《原神》
,"我每夜每夜，遥望星空，寻觅你的影踪，想要再见你的音容。
云影渐浓，清风拂冷松，思你如山洪。——漫画《听说我很穷》",https://static.juzicon.com/contribute/image-ad4a5def-e1fd-49ef-992e-4df032ee6d62-201024201939-8J2H.jpeg,
某不知名网友小傅,这世界真的很大，就像那星空一样，它不会因为一颗星星的存在而流光溢彩，也不会因为一颗星星的缺席就黯然失色。仰望星空，你就知道我来自哪里，所有的星星眼都在等着一颗星。,,
,"她伸手撩了下垂落胸前的青丝，露出精致的锁骨，唇角微微上翘，那张脸顿时生动起来，像是本欲凋零的花朵，突然复苏绽放一般。  眉目舒展，凤眸睁开，黑漆漆的瞳孔犹如浩瀚星空，包罗世间万象，却无法让人从中窥探出任何的秘密。",,《快穿女配：反派BOSS有毒》
独木舟,"你曾给我的星空，我曾笃定的认为，在我余生之中，不会再有那样美丽的夜晚。    然而当我远行至此，也禁不住笑当日的自己，何其天真幼稚。",,《我亦飘零久》
沧月,他一直都是孤独的旅人，在不属于自己的土地上流浪。只有在夜晚仰望星空时，才会冥冥中感觉虚空里有俯视的眼睛――提醒他万仞高空上，有着他永远无法回去的故国。,,《镜・归墟》
,和我私奔吧，在落日，和星空下。,https://static.juzicon.com/contribute/image-124c6b87-9833-4473-bb2c-f36ba1b27871-210626234459-IRMZ.jpg,
沈醉天,"星空灿烂，一颗流星突然划过，用自己的身体燃烧出绚丽的烟花，流光溢彩。人的生命，何尝不是流星？看似瑰丽，其实短暂，充满了太多的无奈。",,《女生寝室》
,星空作酒， 微光烧煮，流淌的是夏夜的气息，漂浮的是银河的影子,https://static.juzicon.com/contribute/image-29d060b1-e1d7-4e5a-986c-2a730ba886e2-210627062703-OJS0.jpeg,
,我是冬天经过太平洋的长风，而你在等待北极满天的星空。,,
麦当,星空之所以美丽，是因为在无限的宇宙无论黑暗怎样蔓延总会有星星去把它照亮，世界也是这样，有绝望的地方就会有希望的存在。,,
,不必仰望别人的星空，自己亦是最美的风景,https://static.juzicon.com/contribute/image-cee92520-9829-4a3a-b657-7a2c8f65cf2c-210627083636-VZQ5.jpeg,
子静,停电她还格抬中笑带看到星空，突走叫边呢大么有种想流泪的冲动，用真起风用真起像在拍电影一年天成用虚幻，地中笑带这笑带是是千万次仰望间唯一的一次正式用真起风镜头——心真会曾如此宁静过，像雨她还格的森姚，混人用真起风泥土的清香。,,《竹沭笙歌》
,星空迷上了山野，有雾有灯也有归人。,https://static.juzicon.com/contribute/image-0dd3f0ec-0706-4b0c-8e4e-3b2024c3ea2e-201026221301-XSCU.jpg,
,"你的眼睛里有整片星空，
所以，我不希望，
乌云和雨水会化成阴霾和泪水，
遮住这璀璨的繁星。",https://static.juzicon.com/contribute/image-eefad190-6181-4102-b1aa-dadd4cdadbe2-201030134237-B0IP.jpg,
,你像九月的风，带走了最后一场可能的自由，你是三月的雨，湿润了最后一片安静的天空，你是冬季里的雪花，飞舞多少人的心动，你是夏日里的星空，摘走了几个人的梦,,
,你的出现，如今夜星空里的一轮清辉繁华了我的梦，未来的日子里但愿你能惊艳我的年华，我亦能温暖你的岁月。,,
,"曾经和朋友一起仰望星空随之我们泪流满面他则是因为失恋我则是因为扭伤了脖子",,
,我在一片黑暗中迷失，却还望着星空.,https://static.juzicon.com/contribute/image-f26204cf-9164-4ded-962d-e72a576f739e-210627090736-QCEI.jpeg,
,"迷茫的时候，就抬头看看星空吧！
我愿在哪里，为你照亮整片黑暗……",https://static.juzicon.com/contribute/image-77dc8382-059a-4bb6-8f93-b7d222d6ea24-210704200509-C5FI.jpeg,《感情》
约瑟夫。皮珀,激情和理想主义色彩的人头顶有两重世界，一重是星空，一重是屋顶。人在星空下生活，在屋顶下生存。,,
,跟随着星空的说书人，黑白颠倒，沧桑的双眼里仍有光芒闪耀，清风舒云才见到，头发已经长得过了腰乱七八糟，紫色唇，银色眉，灵魂里的兽在挣扎咆哮，断弦之音，要怎样逃离迷惘，眼角的笑意，顷刻为谁跌倒，跟随着星空的说书人，丢了冥王星的岁月里仍然拉唱，谁曾经问过他的过往，谁记得那年的离殇。,,
,"你落在了星空而我在人海中
抬头看到的你就是我眼里的苍穹
想念是不停歇的风就任它放纵
带我所想的飞去有你的星空",https://static.juzicon.com/contribute/image-081aed44-40e2-4618-a5c7-c1a3ea2a0f59-210424204748-PTLO.jpg,
刘慈欣,"这个世界上，已经有人在宇宙漫步，星空是他们最后的坟墓。相比之下，你那点考试升职亲子关系家庭问题就像屎壳郎找不到合适的粪球一样卑微。",,《球状闪电》
,在这个世界上，再璀璨的星辰陨落，也黯淡不了星空灿烂；再绚烂的花朵凋零，也荒芜不了整个春天,,
唐七公子,夜空亮起繁星，像开在漆黑天幕的花盏。……所谓知易行难，真是亘古不变的道理，好比我一直希望自己看开，而且不断暗示自己其实已经看开，事到临头发现看开看不开只在一念之间，而这一念实在变化多端。仰头望无边的星空，仿佛能看到黑色流云，我叹了一口气。,,《华胥引》
,抬起头，仰望星空，那颗在眨眼的星星一定是你去世的亲人。,https://static.juzicon.com/contribute/image-2a3de252-28fd-4216-b0ee-54d056186556-201007111610-6M4T.jpeg,
,"仰望星空,选择自己的星，脚踏实地，铺就自己的路。然后风雨兼程，只留下一个坚实的追梦身影.",,
赵雷,"画上有你能用手触到的彩虹 
画中有我决定不灭的星空 
画上弯曲无尽平坦的小路 
尽头的人家梦一路 
画上母亲安详的姿势 
还有橡皮能擦去的争执 
画上四季都不愁的粮食
悠闲的人从没心事",,《画》
,枕着大地，盖着星空，看流水 潺潺，听虫鸣悠悠。,,
,我喜欢你是寂静的，仿佛你消失了一样，你从远处聆听我，我的声音却无法触及你，好像你的眼睛已经飞逸，如同一个吻，封缄了你的嘴”我不止在课堂上朗诵这首诗，闲暇间我也默念它，总有一种直觉――这是写给星空和海洋的。,,
,"你落在了星空而我在人海中
抬头看到的你
就是我眼里的苍穹
想念是不停歇的风
就任它放纵
带我所想的飞去有你的星空
                  ——《奔赴星空》",https://static.juzicon.com/contribute/image-d80d83b4-ff79-45f7-b4ef-136134d357d6-210515001817-LZLN.jpg,
独木舟,想来想去，世上最美的不过三件事，日落，星空，还有你。,,《我曾赤诚天真爱过你》
熊二,"星空浩渺月朦胧，一片烟雨灯红。纸鸢炊烟故人留，岁月难驻驿楼。",,
,"一星陨落，暗淡不了整个星空。一花凋零，荒芜不了整个春天。一次挫折，荒废不了整个人生。",,
,星空烂漫，人间不美好，但是世间终究有需要你的人，不要放弃生命，努力下去，活下去,,
立花泷,遗忘，是为了再次记取；错过，是希望还有机会相遇。那些拥有与失去、陨落与升起，像是层层叠叠于星空上的绵延，穿过时间、记忆、口嚼酒、咖啡厅、乡间的车站、逢魔的时刻、以及每天上不知道来自谁的凝望，我们依然寻觅者，依然在那长长的彗尾中忘记了对方的名字，却也开始真正记得了，自己真实的样子。,,《你的名字》
,"“大家出来修真，拼的就是谁更疯，谁更狂，谁更加不要命！”     “风雨重，我们现在就来看看，谁才是无尽星空之中，更加悍不畏死的亡命之徒吧！”",,《修真四万年》
,"ᴵⁿˢᵗᵉᵃᵈ ᵒᶠ ˡᵒᵒᵏⁱⁿᵍ ᵘᵖ ᵃᵗ ᵗʰᵉ ˢᵗᵃʳʳʸ ˢᵏʸ, ⁱᵗ ⁱˢ ᵇᵉᵗᵗᵉʳ ᵗᵒ ᵇᵉ ᵃ ˢᵗᵃʳ ᵖⁱᶜᵏᵉʳ.
与其仰望星空，不如去做摘星星的人。 ​​​",https://static.juzicon.com/contribute/image-7450c153-4bc4-4098-93ed-91629fe88d1f-201011131111-SC6S.jpeg,
,吾以凡人之躯修仙，创绝世唐门，统斗罗大陆，闯神墓，战阳神，铸九鼎，擒盘龙，定莽荒，称圣王，得永生！魔天记事，挥手遮天，一招斗破苍穹，半式武动乾坤，从此吞噬星空，高举神印王座，成就星河大帝，创造完美世界，笑看赤色黎明，一曲龙蛇演义，原来佛本是道！,,
韩邵,"抬起头仰望星空，把目光埋在无穷远的黑夜里；好像只要不看著你的脸，这份愧疚就会少一点...",,《那尚未造访的苍芎》
,我在烈风中走过冬季，在黑暗里仰望星空，我总是走最黑最崎岖的路，只是因为抱着与你相遇的希望，因为我要和你说一句，你是年少的欢喜。,,
几米,"后来，我再也没有见到他，但我永远会记得那年夏天最灿烂,最寂寞的星空。",,《星空》
中岛敦,宽广高朗的星空下，挖一个墓坑让我躺下。我生也快乐，死也欢洽。,,《山月记》
张嘉佳,"知道你要去很远的地方，但是一定记得回头看看我。
  就算我不在你的视线里，也请偶尔转过身，
  说不定带着你呼吸的空气，会漂洋过海，会横跨星空，
  会被季节轮换时带起的风，一直吹到我身边。",,《让我留在你身边》
,我们生活在阴沟，却总有人仰望星空,,
马西莫・格拉梅利尼,这颗心灵刚刚遇到星空，根本没有回到它的抗震庇护窝的打算。,,《孤独的梦中人》
,不是所有人在仰望星空的时候都是在想些有意义的事情，或许他们只是单纯的想发发呆。,,
,星星羡慕月亮的光芒，却不知人们眼中的满天星空才是最美的风景.,https://static.juzicon.com/contribute/image-1ce65ac5-7b61-44b4-94db-090a87150db8-210102232244-9B8Z.jpg,
赫拉巴尔,在这只耗子的目光里此刻我看到了比我头上的星空或我内心的道德法则更多的东西。像一道闪电叔本华出现在我的面前说最高法则是爱，这爱便是同情，我明白了叔本华何以那样憎恨巨人黑格尔……,,《过于喧嚣的孤独》
张嘉佳,我到处游荡，搭车去稻城。半路抛锚，只好徒步，走到日落时分，才有家旅馆。可惜床位满了，老板给我条棉被。我裹着棉被，躺在走廊上，看见璀璨的星空。,,《从你的全世界路过》
村上隆,小黑就喜欢看着星星，它就是星守犬。虽然它永远都够不到星星，但是不会放弃守望星空。,,《星守之犬》
,美丽的星空，不停的在孤寂中 跳舞， 不知     是为了等待，还是为了盼望……,,
彩虹之门,静谧的星空之中，无数星辰在遵循着自己的轨道慢慢运转，一切井然有序。,,《重生之超级战舰》
康德,有两样东西，对它们的盯凝愈深沉，在我心里唤起的敬畏与赞叹就愈强烈，这就是：头顶上的星空和心中的道德律。,,
公子潇,"餐风宿露 ，兼程星夜。从未停止的追寻 ，是到不了的前方 。一千个日夜里流徙 。星空异地烟火 。为风景片刻驻足。晨昏跋涉不停息。去攀登更高的山，眺望更阔的海。迎接穿怀激荡原野的风。披荆斩棘森林里的雾。一头撞进茫阔无迹的草原信马由缰。因为生命一旦停止，立刻腐朽。",,《前行》
,世界就像星空，你只不过是其中的一颗星星。为何不努力发亮发光呢？,https://static.juzicon.com/contribute/image-6fc0fe2b-b18a-4ec1-940f-77b6531d63cb-210624211954-AWCM.jpg,
,"你死后的星空依旧耀眼，
可我却觉得黯淡无光。",,《斩·赤红之瞳》
淮上,“你仰望星空，看到的是自身的无知和渺小；而我活在当下，眼前是自己的目标和未来……”,https://static.juzicon.com/contribute/image-38ff7470-b721-47c6-8cd4-f71955a4c203-191005215058-BA5J.jpeg,《银河帝国之刃》
,即便屈居于烟火陋巷，但少年依然是少年。因为少年的脚下有坚实的土地，头顶上有浩瀚星空。,,
,"你眼中的星辰大海，是我不曾见过的皓月星空。                               

                                《艺伎回忆录》",,
高远惠辅,这一次再也不会松开你的手了，即便是浪迹到天涯海角。即便是你已全然忘记了我也好，只要我还记得你。还未曾见过的新世界，还想要再度仰望的星空，我都会陪你一一去看，去完成那些我们曾结下却还未能实现的约定吧，合欢。,,《Euphoria》
,"寂寞的月色闪着孤光沉默的星空令人迷茫不断在怀念 你的身影向黑夜眺望 却看不到方向也许明天只是重复过往也许渐渐忘记什么是希望风雨时而带走记忆的温暖时而带来远方的微凉独自一人 默默地远走才发现 只不过是随波逐流",,
,点点萤火，片片星空,,
子雾啊,"星空之下，友人之上。如果我承认了我对你图谋不轨――我是否还能够留在你身边，看着你笑",,《同学关系？》
,"晌午的阳光，言辞闪烁 。睡意迷朦间，秋花碎梦。窗外风扶残柳，道尽凄凄惨惨依旧。深夜星空幻灭，隐约有广寒宫。又复十月丹桂，等待素白映衬梅红。看过凋零落败，只望枯冬。― ―《耳语》致倾独二零一六年・十月・十日",,
,"我要陪你抬头看星空灿烂，心中江山如画。做人留一线，日后好相见。",,
君子以泽,阿斯加德的神秘星空，夏季飞舞的萤火虫，华美宏伟的十二神殿，顶天立地贯穿九大世界的世界之树……都围绕着画的中心辉煌着。那是坐在雾海之宫台阶上，抱着小王子法瑟静静欣赏着夜色的爱神。我漫长人生中，唯一深爱过的女人。无论再活几世，都永远无法触摸的女神。,,《奥汀的祝福》
,"你住在远方铿锵着我的心脏是风吹过你发丝的声音引我回头我仰望星空只想在最亮的星上找到你一缕缕轻烟好像你轻轻缓缓入驻我的心生死相随只想踏着你的脚印追溯着走至于那些故事太动人只说与你听爱喝酒的姑娘醉倒在了街上",,
王尔德,吾辈皆身处沟渠之中，然其必有仰望星空者也。,https://static.juzicon.com/contribute/image-aa26652a-9537-4c81-a856-d8676d52f774-210624231202-LAOF.jpeg,
,无论有着多远的距离，当我们仰望星空时，看到的，仍是一样的，闪闪发光的星星。所以，不要再为离别而伤感，不要再为某个身影没入人海时转身垂泪……因为它只是教给我们，成长，总是不那么完美……有瑕疵的青春，才是最美的,,
,"当生活把你绊倒了，翻个身，仰望星空。When life knocks you down, roll over, and look at the stars.",,
张皓宸,NASA发现另一个地球，我发现你，即便还不能相遇，但知道你在就好。如若最后遇到像是黑夜中静谧的星空，那当初跋涉的这一路，崴脚的石子，走过冒失的风雪，在此刻都成了过眼烟云。夜风徐徐，望着那片星空，心里有一个可以想念的人。,,
,"✨星空文案✨
1⃣️🌟你与星河皆收藏🌟
2⃣️❄️星尘为泥银河滋养❄️
3⃣♥️️星光不负赶路人，时光不负有心人♥️
4⃣️🍬星空之所以美丽，就是在无限的宇宙🍬
5⃣️🌸星河滚烫，你是人间理想🌸",https://static.juzicon.com/contribute/image-22175e93-e230-4eae-98fb-665aab57ab43-210613120526-MVGI.jpeg,
耳根,天空一片雾朦朦的，陌生的星辰闪烁昏暗的光芒，数道巨大的裂缝撕扯着，告诉所有抬头望天的人，这片星空，是虚假的，是不存在的。,,《求魔》
伊曼努尔・康德,"有两种东西，我对它们的思考越是深沉和持久，他们在我心灵中唤起的赞叹和敬畏就会越来越历久弥新，一是我们头顶浩瀚灿烂的星空，一是我们心中崇高的的道德法则。他们向我印证，上帝在我头顶，亦在我心中。文言译：常有二理，在手心焉；敬而畏之，与日更新；上则为星辰，下则为德性。",,
郭敬明,塑像是两个相背而站的孩子，以同样寂寞的姿势仰望星空。底座上有一行字:双子定有双子的悲哀，我们在劫难逃。,,《爱与痛的边缘》
太一生水,除了这片万古星空，这世上哪有什么永恒不朽？,,《万古至尊》
,他是星空里最明亮的一道光，想伸手去抓，却忘了距离。,,
,当你一个人练球，练到凌晨的时候，在深夜里奔跑，并自己独自的坐在一个地方静静的思考自己的人生，我相信你会有你的答案的。——꧁༺仰望༒星空༻꧂,https://static.juzicon.com/contribute/image-ae09cb20-8bcd-4ee3-bd9d-17ab2b751c74-210403162111-53NO.jpeg,
,"当黄昏隐退,晚霞收起最后一抹羞涩,星云密布,浩瀚无垠,关于远方,关于梦,那些质地清瘦的句子,就挂满了星空。",https://static.juzicon.com/contribute/image-0ea60572-d459-430e-a31c-ea4474e2f108-200316173034-AVDK.jpeg,
吴忠全,我问风，风只知道吹，我问星空，星空干眨巴眼睛，我问房间角落里的那盆花，这几天忘记浇水都要死了，我问自己的内心，得到的却是讥讽的我离不开她。,,《小说家的爱情》
简媜,然而江湖终究是一场华丽泡影，生灭荣枯转眼即为他人遗忘。中岁以后的领悟： 知音就是熠熠星空中那看不见的牧神，知音往往只是自己。,,《以箭为翅》
谢知非,"我从崖边跌落落入星空辽阔银河不清不浊不知何以摆脱我从崖边跌落落入丛山万座呼声不烈不弱梦门何故紧锁谁引我入明火谁推我入筐箩谁把美梦捕捉谁心已成魔 谁纵身入湖泊换温暖魂魄",,《我从崖边跌落》
晓佳奈,只要雇主要求，无论哪里我都会赶到。但在人人都沉浸在梦乡的夜晚，我便如您所说，只是一个普通的女人。我是薇尔莉特・伊芙加登。倘若在某个夜晚，在某处星空下您见到了我，请老爷务必跟我搭话，在此之前，我会去记住星星们的名字。,,《紫罗兰永恒花园》
,趁着夜色，爬上最高的树，剪下一袭星空。然后在她熟睡之际，轻轻地把它披在她的身上。,,《德卡先生的信箱》
,"那一年、我们望着星空、有那么多灿烂的梦、当我们迷失在黑夜里、只有自己努力发光、才能照亮自己",,《夜空中最亮的星》
,那天傍晚的风吹的好温柔我抬头看着夜空繁星闪烁，假如有你在的话我想我不会看星空，我喜欢看你的眼睛，我喜欢你,https://static.juzicon.com/contribute/image-8fe1758e-c5a7-470b-842a-048a82d30d27-200401040539-R4AQ.jpg,
大冰,"男儿不展风云志，空负平生八尺躯。
纵我心头如铁，也难溶你千尺寒冰。
一世浮生一刹那，一程山水一年华。
星空不问赶路人，岁月不负有心人。",https://static.juzicon.com/contribute/image-dc34c6b0-5cab-4b53-848c-66541fee7e63-210628133744-GCOP.jpeg,《我不》
,流水上漂浮点点花瓣，星空洒下片片微光，指路时的温暖，相邻过的关照。那些都是很好很好的。,,《总有一场缘分只是一起坐船看花》
,虽然你又矮，又笨，还喜欢别的男生，即使这样，我还是，很喜欢你。林真心，如果你听完这卷录音带，就抬头看看天上，因为那时候我会知道，原来我喜欢的那个女孩，正在看一样的星空，Aqui te amo(西班牙文:我爱你),,《我的少女时代》
,夜空如此浩瀚，因希望的恒星而令人陶醉，仰望星空，梦想近的都能看见她发出的那微弱的光，如此闪烁！如此耀眼！,,
,余生我们一起走吧 用牛皮纸写的情书都给你 记忆里满天星空的黑夜给你 三月新开的花蕾给你 掌纹的棱刻温度给你 并排的靠窗位置给你 最大的草莓给你 柔软的肩膀给你 跳动的心脏给你 吻给你 巧克力般浓烈的爱给你 白米粥般平淡的细水长流也给你 余生的每一时刻都给你,,
,做一朵倔强的花，开在生命的旅途，   身心，亲吻大地；灵魂，仰望星空，无论风雨，蕴积盛开的力量。,,
,人为什么要读书？因为很多东西，眼睛看不到，读书可以；脚步不能丈量，读书可以；身体无法抵达，读书也可以。爱读书的人都有更为丰富的精神世界，即使深陷泥泞，也依然可以仰望星空。,https://static.juzicon.com/yiyan/17bb75a1ac3accd0d63bf01984a2d796.jpg,
,"仰望的星空里
你为我刻下呼啸的美 
今夜星星是漫天的烟火 
小小的等待让我彻夜不眠 
你如是我尘世的一口陷阱 
我愿意体验自由落体的惊险",https://static.juzicon.com/yiyan/672b511a7e667a0428526c7ae61a1f8c.jpg,
,"星空有月，大地有我。而我的存在不沾他人半点光辉。",,
,"秋风起思离愁仰望星空依旧心已醉不需酒不解愁更愁",,
,"天上星空，繁星点点；天上云朵，繁云朵朵。",,
吕克·普了道蒙道气,"在教堂顶上，星空格看下你沉睡了，听不见我起说家面的以里起外这想里实才如在么险恶你的睡容这么甜美当你沉睡可曾梦见你的太阳",,《巴黎圣想内出中院》
,星空的闪耀，掩盖不了，月亮的铅华，星海下的倒影，如同月亮下鑫海珊阑。,,
康德,"那最神圣恒久而又日新月异的,那最使我们感到惊奇和震撼的两件东西,是天上的星空和我们心中的道德律。",,
摩西奶奶,我们常因为手抱月亮，而错过了整片星空。,,《人生随时可以重来》
夏榆,“生活是可以过得有尊严的，别人的人格不应受到侮辱。人们应该可以毫无畏惧或羞愧地去与另一些人正面相视，而且，如果他们在地球上过日子走运的话，由于他们曾在星空下进行过斗争，忍受过痛苦，他们可能会获得某种补偿。”,,《白天遇见黑暗》
,精灵王说，精灵是至上神的孩子，在日月苏醒之前，精灵就存在了。神给予了精灵永生，不受疾病折磨也不畏寒暑，赋予了精灵美丽的外表和华丽的歌喉。精灵在远东的星空下醒来，是第一个创造语言的种族。,,《精灵现在式》
韩庚,"别们孩去国然为梦 点亮了星空 拥抱整座宇宙坚持的 每当为握在手中 幸福而心了想打样种认成地开花 结果别们孩去国然为梦 春夏或秋冬 温暖我的星球一抬头 全每当为得我现在这一秒钟",,《别们孩去国然为梦》
,依稀往事，朗月星空。,,
佛雷迪克・朗格布里奇,两个囚犯从监狱的窗子里向外看，一个凝视着泥土，一个仰望着星空。――不灭之诗,,《JOJO奇妙冒险》
肥面包,你是镜子，照映出大千世界之真实，星空披岸思念的镜子。你是影子，在星火的光辉中跳舞，为了寻找那离去的众星之子。,,《萌萌山海经》
,当你身处黑暗的时候，就想想这片星空，就算是最黑的夜，也有天上的繁星。或许你看不见，但我会像这些星辰一样远远地看着你。,,《叶罗丽精灵梦》
陆秀池,10．无法停息的爱情啊，在星空中茫然地徘徊；蜿蜒的河流，沉淀着不变的爱思。林中的群鸟，栖息在高枝，轻吐着赞美爱情的衷曲。为了你的爱，我要跟时光争持，把你蒙上红色的盖头，拥在怀中……,,《陆秀池之温柔语录》
蒋勋,"如果是河流就要宽阔如果是大山就要高耸如果是河口就去拥抱大海如果是山峰就伸长手臂用指尖去横扫星空",,《多情应笑我》
洛天依,"我愿把那对往心会忆燃成灯火寻遍这星空乘夜风飘飞挣脱万有引小当山利的枷锁冲破空间囚笼 跨越时间洪流逃出虚妄和没这奈编织的黑洞我愿把后却往看种磨成望镜寻遍这星空看种看微光聚焦手心紧紧握住不便后比松夜雾就中过真西外好去闪烁 光年天作就去诉说对往心会大星辉照耀我浩瀚的宇宙",,《寻遍星空》
蓝眸,一星陨落，黯淡不了星空璀璨；一花凋零，荒芜不了整个春年于她也这；一次挫败，荒废不了整个人生。不是军她也这大心就么此上年于得家馁退缩。,,
唐七,所谓知易行难，真是亘古不变的道理，好比我一直希望自己看开，而且不断暗示自己其实已经看开，事到临头发现看开看不开只在一念之间，而这一念实在变化多端，仰头望无边星空，仿佛能看到黑色流云，我叹了口气。,,《华胥引》
指尖的咏叹调,"有一天，我做了一个梦。梦见我站在银河之上。    星空浩瀚，时光裁剪出最美的风景。    我说，所有的生灵都有资格生存，也都没有永恒。",,《苏文之书》
绿妖,看完电视，深夜的院子风清人静，不经意却为星空河汉怔立当堂――记忆七手八脚地倾巢而出，回应久违的气味的召唤。,,《沉默也会歌唱》
东奔西顾,在后来无数个没有江圣卓在身边的夜晚，每当乔乐曦抬头看到星星的时候，就会想起这个夜晚，想起这片闪烁的星空，想起他温暖的怀抱。,,《妖孽也成双》
,即使考得再差，从小到大都没揉过一张卷子。仰望星空，你会发现有更美好的未来等着你去探索。,,
淡蓝蓝蓝,一起牵手看星空，梦幻般的星空，夏夜的大波别利立没菊开民道了当物和野，当物和家只鹅旖旎飞过银河，立没学向作纯净得只剩下你和我。,,《立没学上只这一朵哀伤的云》
,"我们以前常仰望苍天，思索人类在星空中的未来，现在我们只会低头，忧心自己在尘世间的处境。",,《星际穿越》
,我们似乎是在这一个又一个的行星中迷路了。这一片你永远无法踏及的星空中，我们寻找着属于我们的那颗星星。,,《风沙星辰》
,梦碎了，捡起地上的碎片，一点一点用心回忆，然后，咬牙切齿一番，说～要忘记。那都已经不知不觉成为了过去，成为了美好回忆，成为了夜晚那星空中的一颗最亮的星星，偶尔夜深人静，看着它，一闪一闪。,,
,"星辰填满了整个星空，而你填满了我的心
                                                         ——梁梁子",https://static.juzicon.com/contribute/image-b99a1b59-922a-4429-b373-cdbe44f46ef9-210203110657-PCK0.jpeg,《肖宇梁》
丁程鑫,当感觉累的时候可以仰望星空，因为我也在仰望星空，我可以看到你哦,https://static.juzicon.com/contribute/image-f5e2b222-04e9-4060-afc3-3e02c8cc1fbe-210204065935-1XMC.jpeg,
心动奶泡森,"“不管生活在哪，星空都在头顶”

——时代少年团贺峻霖 ​​​",,
天王寺瑚太郎,我们和好友离别的那天，也是这样美丽的星空呢。,,《rewrite》
康德,有叫去会大种向上觉师发得，我对它们的思考越是深沉和持久，它们在我心灵中唤起的惊奇和敬畏对发得是生我日新当子为就异，不断增长，这对发得是是我头上的星空与心中的道德定律。,,《实来践有她想种发性批判》
汪苏泷,我曾和你走过多少个的秋末我曾紧紧握着你手臂的脉搏看你脸上的酒窝   唱着背叛的情歌   情绪不由我   我曾带你去看星空下的花火   我曾把我的爱都交给你挥霍   这世界爱情好多结局未必有几个   这痛算什么,,《风度》
张皓宸,我有你们不曾见过的广阔星空,,《后来时间都与你有关》
,别因黄昏迟暮止了脚步 星空明月 清风朝阳都将是你的礼物.,https://static.juzicon.com/contribute/image-f6d5b7bc-edaf-40b3-95c7-c433b1587233-200829080032-T4CI.jpeg,
汪苏泷,"我曾带你去看星空下的花火 我曾把我的爱都交给你挥霍 这世界爱情好多 结局未必有几个 这痛算什么",,《风度》
贞汐-L,那年，我们手牵手，在美丽的海岸边拾贝壳，拾起我们青春的梦想；那年，我们肩并肩，站在溪流边，诉说我们美好的心愿；那年我们背靠背，星空下，长椅上，畅想我们的未来；那年……,https://static.juzicon.com/contribute/image-be75da9e-c4c1-4393-85b7-68faa0e08596-200830195303-KWCM.jpg,《拐个王爷领回家》
波德莱尔,人们的世界没有错，错的一定是星空，那种无法跋涉的寒冷，总让深情的人错足。,https://static.juzicon.com/contribute/image-69720497-815d-4b02-a6d2-21d932dd79fe-200912110008-BGJP.jpeg,
刘慈欣,如果仰望星空是发现了沙滩上的贝壳的话，你们后面做的不过是弯腰准备去捡起它。,,
王源,"那些无声的告别，曾存在过吗
我曾这样遇见你，怎么证明呢
曾经同路的背影，被时间带走
有一些话还没讲完，有些事没有答案，是多么完美的遗憾
随冬日远去的你，隐没在回忆里
我带着失去的拥有，继续人海里漂流
走散的我们，仰望着同片星空
岁月唱沉默的歌，被抹去的名字，再不能还给我",https://static.juzicon.com/contribute/image-3fbf374b-0841-4e22-a2d5-974e61ab30ba-210703204607-QCOZ.jpeg,《只要有想见的人，就不是孤身一人》
,人类的勇气和坚毅必将被镌刻在星空之下。,,《流浪地球(电影)》
,我想再多看几眼星空，在这什么都善变的人世里，我想看一下永恒。,https://static.juzicon.com/images/image-190323114800-SOBG.jpg,
,在路上，永远年轻，不去想，往昔遗憾，不再畏惧，往后多困难，山有尽头，海有崖，河的对岸，是另一番景象，去跨越，去感受美好，去珍惜，去拥抱明天，一次次，跌倒爬起，一遍遍，反复练习，人生本不复杂，用纯净的心，去追赶烈日，去望星空，我相信，终有一天，你会成功，会找到，属于自己的路！,https://static.juzicon.com/contribute/image-d6141062-f076-49c5-bc8b-6800043b5fbe-210703181219-NS4O.jpeg,
,那些仰望星空的人 自己也在发光 脚踏实地 仰望星空,https://static.juzicon.com/contribute/image-2f815c2d-bbf2-416c-bd2f-0071565ae037-200912230542-9C6U.jpg,
priest,比金钱更珍贵的是知识，比知识更珍贵的是无休止的好奇心，而比好奇心更珍贵的，是我们头顶上的星空。,https://static.juzicon.com/contribute/image-cd217a56-6a22-49b3-8d87-99b7f5921a95-200913103915-KTLV.jpeg,《残次品》
TimeLine_破晓站,我知道在一颗神奇的星球上有一个小王子，他身披月华与星空，眼里盛着银河。他叫王源。,,《新浪微博》
,"星空在头顶，依然璀璨。
大海在身后，依然澎湃。",,
,［花城对谢怜的爱是比海洋、陆地、星空、宇宙还大的如同沙子、星辰还数不清］,https://static.juzicon.com/contribute/image-50de4984-3871-494a-834f-5ad3c443b4a3-210705191515-TLSL.jpg,《天官赐福》
韩邵,也只有在最深沉的夜，我们才能拥有最美丽的星空。,,《那尚未造访的苍芎》
,星空之所以这么美丽，是因为有星星的光芒去把它照亮。所以有绝望的地方，也会有希望产生，对吧 ？,,《星游记》
白衣z,“蓝鲸吞没了星空剪影，仙鹿也迷失在丛林里”,https://static.juzicon.com/contribute/image-f978e45b-04e5-43a7-b541-f368307c1cce-200918104217-JL8U.jpg,
彩虹之门,从数百万年前，地球之上，原始智人第一次仰望星空开始，人类对神秘的宇宙的探索，一直没有停过。,,《重生之超级战舰》
,summer，你这贪玩的小孩，用烟火奏响狂欢；让街灯仰慕星空，竟整晚不愿睡去。,,《知音漫客》
五月天,当故事失去美梦 美梦失去线索 而我们失去联络   这一片无言无语星空 为什么静静看我泪流   如果你在的时候 会不会伸手拥抱我   细数繁星闪烁细数此生奔波   原来所有所得所获 不如一夜的星空   空气中的温柔回忆你的笑容   彷佛只要伸手就能触摸,,《星空(歌曲)》
,"无论怎样，认识你我都会珍惜就像微风吹落露珠，朗月点缀星空你就像一段美妙的旋律，滋润我每个日出与日落",,
,运气好的时候，应该脚踏实地；运气不好的时候，应该仰望星空，因为在不顺遂的时候，让内心高于生活一点点，才不至于颓废和沉沦。,https://static.juzicon.com/images/image-190323122308-QD99.jpg,
,曾经有一个笑容，出现在我生命的长河里，让人魂牵梦萦。如今已幻化为片片的浮云，飘散在思念的星空中，让人可望不可及。,,
,极光，像是一种孤独灵魂在星空奔跑。,,
,我死后，记忆会变成萤火虫，在夏夜的星空下闪耀。,,
,不知你可否愿陪我抬头看星空灿烂，心中江山如画了,,《陈二狗的妖孽人生》
,想当大人，就要踮着脚尖，仰望星空。（保持童心）,,《怪盗基德》
烽火戏诸侯,最勇敢的男人，不是对皇帝王冠、教皇权杖以及头顶的深邃星空和内心的道德都无所畏惧，而是心存一点敬畏,,《宗教裁判所》
,哪有什么错过的人，会离开的都是路人。愿你脚踏实地，也愿你仰望星空，往事不回头，未来不将就！ ​,https://static.juzicon.com/images/image-190324211740-LK0J.jpg,
长洱,初春的夜晚，风与星空一样柔软。,,《犯罪心理》
陈启凯,夜，是如此的静，路灯下的拾荒者是如此的辛劳，而自己只能看着黑夜的星空，聆听内心深处最深情的告白．..,,
胡小木,愿在这个夏天，风吹过你的裙摆 愿在这个夏天，星空也为你灿烂 愿在这个夏天，找到你的盖世英雄。,,
,时光静好，岁月未老，月色皎皎，星空万里，长发及腰，娶你可好？人生清纯，依然年轻。,,
,愿你努力工作，也愿你享受生活；愿你脚踏实地，也愿你仰望星空。,https://static.juzicon.com/images/image-190324221054-0KXG.jpg,
,"有些人的出现，注定是一场没有结局的烟火，转瞬即逝，却照亮了那年的星空
珍惜所有的不期而遇，看淡所有的不辞而别",https://static.juzicon.com/contribute/image-6b3d8ee9-bab1-43f8-80b9-0f229bd09589-201006192005-HLDV.jpg,
,我们曾经也错过许多美好的东西，何不抬头仰望偌大的星空，感受一下那种心痛，也许也是一种幸福。,,《星空》
,只要抬头望着星空，世界就会变得好大好大！,,《星空》
王尔德,"We are all in the gutter, but some of us are looking at the stars. 我们都在阴沟里，但仍有人仰望星空。",,
,以后大概也不敢再仰望星空了吧，哪些星星，都是叶缇的眼泪啊，那么多，那么多。,,《夜空里的星是她的泪》
,“我仰望过你的星空，穿过百年时间在相逢。”,https://static.juzicon.com/contribute/image-14e11055-55cf-49b4-8ec1-9b0156e070e7-210625183831-A6BW.jpeg,
席慕蓉,"“回顾”固然可以让我重温那些如水的月色，      但是，如果只坚持不断地“回顾”下去，                 终于会使我错过了我的今夜，                        和这一夜里满天的星空。",,《丰饶的园林》
,仰望星空，是梦想；回首足迹，是过往；正视现实，是当下。人总应该乘风破浪，朝着自己的信念一路扬帆远航！,,
康德,觉师发得叫去会只这把上唯有叫去会大年地向上觉师发得能个真我们的她想她心受到深深的震撼，一是我们头顶浩瀚灿烂的星空，一是我们心中崇能于的道德法则。,,《实来践有她想种发性批判》
尼采,我爱那一种人，他们不向星空的那边寻求没落和牺牲的理由，他们只向大地献身,,《查拉图斯特拉如是说》
,漫夜的星空中我只钟情于你，因为你是我的一切,https://static.juzicon.com/contribute/image-1e4ccb3c-2565-4bfc-8ba9-c2af33a56993-210625203929-3SJR.jpg,
,当你凝视星空时，你会发现不一样的宝藏一小时过去，你就会发现，我让你看的并不是星星，而是无尽的未来，和永不停流的时间。,https://static.juzicon.com/contribute/image-8da751c8-7bad-4e26-882e-8def9c3a495f-210625213803-501J.jpeg,
,"星空，再见；你好，现实。现实，再见；你好，星空。",,《星空日记》
,听着 星空日落固然很美 但也比不上你一个眼眸让我心动,https://static.juzicon.com/contribute/image-62c3b87b-0daa-4b4b-a219-cb77f4adee63-210703223846-FFID.jpg,
,小时候，和爷爷奶奶住在山上，爷爷常常和我说，只要抬头看着星空，世界就会变得好大好大。,,《星空》
,星空孤寂，爱有天意。为何总是孤独得聚在一起，天亮之后又各奔东西。,,
,今日我卑微如尘土，可奋斗的汗水，终使我仰望星空的璀璨,,
,记住要仰望星空，不要低头看脚下。无论生活如何艰难，请保持一颗好奇心。你总会找到自己的路和属于自己的成功。,,
,黄桃罐头保质期是15个月 可乐要在打开后24小时喝掉 吻痕大概一周就能消失 两个人在一起三个月才算过了磨合期 似乎一切都有期限 这样多无趣 我还是喜欢一切没有规律可循的事情 比方说我躺在树上看星空 你突然就掉下来砸在我怀里,,《网易云音乐》
风凌天下,人道女儿莫轻舞；人言轻舞一生苦；苍穹星空多少年，红尘天下谁不苦？女儿一生莫轻舞，岂能惧苦便不舞？一生难得有情郎；苦断肝肠为他舞；今生今世为君舞，哪怕今生一生苦；生生世世为君舞，我说值得便不苦……,,《傲世九重天》
廖一梅,"别怕 我要带你走 在池沼上面 在幽谷上面 越过山和森林 越过云和大海越过太阳那边 越过轻云之外 越过星空世界的无涯极限 凌驾于生活之上前面就是一望无际的非洲草原 夕阳挂在长颈鹿绵长的脖子上 万物都在雨季来临时焕发生机",,《柔软》
,"蓦然的回首只剩微风
吹拂了曾经的那片星空
就算我 离开了
心依然翻涌——《蓦然》",https://static.juzicon.com/contribute/image-92d99688-d1b0-47e4-b507-d4c2c9ab266a-210704212555-NUSA.jpeg,
,我曾是一个臭名昭著的女魔头，我因一个人而改变了许多，我不再抢小孩的糖葫芦，大家也不再怕我；我曾在一个人的眼中看到过一片星海，我为之沉迷，在他离开后，我为了寻找他的影子，不敢错过任何一个夜里的星空，可却再也没看到过那样的璀璨。——路招摇,,《招摇》电视剧
,三千尺星空的光辉映照不出骑士的身影，璀璨中徒留海盗思故人。,,《凹凸世界》
,“星空没有边际，黑暗与之而行，白鸽飞掠百花大教堂上空，乔托钟塔的钟声引得玫瑰怒放，佛罗伦萨的文艺复兴，那是我赠与你的情书。”,,《我只喜欢你的人设》
有马公生,你说的话，每一句都像星辰一般洒落下来。独自仰望的星空，像要被吞噬一样让人害怕；和渡仰望的星空变幻无常；和椿仰望的星空，永无止境地闪耀，带着隐隐的不安。和你仰望的星空，是怎样的呢？,,《四月是你的谎言》
,我的网名是“婷子躺在向日葵上看星空”，就算是黑夜，我的世界里阳光依旧，因为我在向日葵上。,,
几米,等浓雾散去后，就可以看到最美丽的星空了。,,《星空》
卢丽莉,那些在曾经的岁月里感到非常悲伤非常寂寞的自己，那些在曾经的岁月里被伤得每一块骨头都支离破碎的自己，看着喜剧却笑着笑着哭了起来的自己，在低回的红色天空里看着空旷的操场的自己，仰望星空觉得遥远觉得无能为力的自己。沉寂在往昔岁月里的自己，都在这样一个时刻，朝着现在的自己蜂拥而来。,,《蔷薇求救讯号》
熊培云,只实将人你站得足够会一主，好了好大将没子月小格国这发现，大以利么是星空的一部分。,,《思想国》
,深夜繁星坠落心谷，抬头仰望星空，依然唯美静谧，你在我心中太重要，别人碰一下我都觉得是抢。,,
康德,"“在这个世界上，有两样东西值得我们仰望终生，一是我们头顶上璀璨的星空，二是人们心中高尚的道德律。”星空因其寥廓深邃，让我们仰望和敬畏；道德因其庄严而圣洁，值得我们一生坚守。",,
,"我，望窗，也望天，望不到星空，只望得到灰蒙蒙也并不皎洁的月，拉紧窗帘，翻身摊到床上，闭眼，试着什么也不回忆，就这样，淡淡的，入睡，我说，晚安世界，世界却从未晚安",,
,"星空に魅せられて野山は霧も灯りも帰人もいました
星空迷上了山野 有雾有灯也有归人",https://static.juzicon.com/contribute/image-e2f7b428-f228-4376-b278-3a71c0c7cd97-210707125053-L5MC.jpeg,
一禅语录,"师父说深陷污泥，有人看到的是前路泥泞，有人看到的却是漫天星空。我深陷污泥，只看到师父晚上要多洗一件衣服。",,《一禅小和尚》
星空飘雨,"即使身处黑暗也不会绝望，因为黑暗会孕育出闪亮的星星我给予你一份年少的眷慕，你却给了我一片浩瀚的星空",,《赠你以星空》
,"对星空说晚安对全世界说晚安独独对你说喜欢",,
,"《应无忧》昔日懵懂青华希许地老天荒而今星空烂漫明月依旧湘水东流",,
,一笑星空乱，一怒天地惊。眸光流转日月黯，绝代风华天下倾。,,
桐华,那是怎样一双惊心动魄的眼眸？漆黑中透着靛蓝，深邃、平静、辽阔，像是风平浪静、繁星满天时的夏夜大海，整个璀璨的星空都被它吞纳，整个宇宙的秘密都藏在其间，让人忍不住凝望、探究。,,《那片星空，那片海》
,只要能拥抱我的月亮，那么失去整片星空也是值得的。,,
,当你抬头仰望星空时，你觉得你在看星星，其实星星也在看你啊。,,《李雷和韩梅梅》
彭柳蓉,人山人海里，她那么孤独而无助。所有的幸福欢乐都与她无关，星空辽阔，重要的人已经失去。在这万物欢腾的时刻，她的灵魂却渐渐变得冰冷。,,《星愿大陆》
彭柳蓉,"当星光落在被埋葬的古夕城的顶尖，命运的波澜会带来魔族繁盛的消息。一百个一百年里，月亮将背叛整个星空，黑色的洪流会席卷而至。",,《星愿大陆》
,我此一生，许多岁月都踽踽独行于黑暗之中，我的生命与灵魂是死水一样的寂静，直到有一人说，她在我眼中看见了星空，或许她不知道，我眼中只有夜幕，而她是闪亮的所有。——厉尘澜,,《招摇》电视剧
,"通往无极之渊的路上，布满了未知的艰难。少年侠岚们继承了先辈的意志，越过层层的荆棘，翱翔天际，寻找那道能指引方向的光芒。星空黯淡无光，大地满目苍凉，俯仰天地，不变的是他们那炳若日星的目光。",,《侠岚》
陈粒,你是我梦里 陌生 熟悉 与众不同，你是我梦里 幻想 现实 不灭星空。,,《种种》
何炅,"青春是什么？青春就是输得起、看得开，青春就是去经历一切你未曾拥有却仍然向往的，青春就是再近的地方也要跑着去，青春就是在每一个当下，都能抬头，仰望星空，念念不忘自己的梦。",,《来得及》
猫腻,唯星空与姑娘……与美食与美酒与小说与电影与风景与宇宙与真理与自己不能辜负。,,《择天记》
,"我行于此时的夜雨，若不是黑夜，我一抬头，便会看到天空被雨切割的支离破碎…我观，雨与地落成90度。我抬头望了天仰作45度。雨水便又进了眼眶转成360度。我遥望有你的那片星空，叹了一叹，这一叹，哈哈，，， 何止千百度。。。",,
莫梵稀,"生命如果有颜色，会不会看上去，就像梵高的《向日葵》和《星空》；
生命如果有态度，是不是听上去，就是贝多芬的《田园》和《英雄》；
生命的意义，是如此厚重，无论我们怎样全力以赴都不为过，因为，我们生而为人，生而为众生。",https://static.juzicon.com/contribute/image-21d71bb2-06bc-4380-9d60-465c351c920d-200614153042-ROM4.jpeg,
桐华,浩瀚的星空中，有万千星辰在闪耀。,,《散落星河的记忆》
丁墨,"――当他负手站在星空下，温柔凝视着我。我看到星星化为流光，在他身后坠落。Star-Drift，他们敬畏地称他为“星流”。",,《他与月光为邻》
李白◎凤求凰,我化作璀璨星空只为点亮你那灿火的翅膀。,,《王者荣耀》
,你来的那年，樱花盛开在了我们共同走过的每一处，空气中处处都弥漫着淡淡的花香，全是甜蜜的味道。你走的那年，我心中的樱花落了一地，那醉人的花香依然璀璨了整个星空，但是却无法遮掩你离开后贻予我的伤。,,
指尖的咏叹调,"星空凝视过一切过往，而我见证着星辰的变迁。    我说，每一个生命都有它们自己的传奇故事。",,《苏文之书》
,是你错过了星空，还是我错过了你，到最后，还是只有我，独自望着星空。,,《星空》
,我不想再等了，死亡就像星河，垂暮只不过是在去星空的路上徜徉漫步。,,《至爱梵高・星空之谜》
雷蒙德・卡佛,好多年后，我还想放弃朋友，爱情，灿烂星空，换座无人在家的房子，无人回来，酒想喝多少有多少。,,
,我送你整个星空 的璀璨，你却说，爱上了日出的温暖。,,
玖月晞,彭野，保护站三队队长，个性脾气都很硬的男人，但心里很软，他说追捕盗猎者的目的不是为了把他们关起来，而是让他们不再做。他不喜欢吃土豆，喜欢红烧牛尾。他喜欢画地图，喜欢看星空，他还知道风会从哪个方向来,,《他知道风从哪个方向来》
狄戈,司羽并没有坐下，只是居高临下似笑非笑地看着她。餐厅的灯没有全开，一束昏黄的光线让氛围有些浪漫，背光的他面容不甚清晰，安浔只看到他那双熠熠生辉的眼眸，像是将汀南的星空都装了进去。,,《汀南丝雨》
,"雨停了      云层散开后      是虚假的星空      体贴的话语      融化紧闭的门扉      女人深陷其中      陷入那比黑更黑的     无底的沼泽      男人在虚假的星空中看到的     是苍色燃尽的光辉     以及它的坠落",,《黑之契约者》
,夜深人静，思绪飘于九天之外……星空中俯视有你的地方。抛开白日的喧嚣，享受此时此刻的宁静。,,
辰东,如是有一天，星空炸裂，乾坤倾覆，只剩下你一个人，虽无敌世间，但到头来却只能回忆，看红颜白发如雪，魂归黄土，看友人倒在岁月中，沉睡墓地，到了那个时候，你便会有相应的心境了。,,《完美世界》
,"从我记事开始我就喜欢看星空而这并不是为了遇见外星人而是为了遇见你",,《降临(电影)》
,没有星星和月亮的星空，谁又懂得寂夜的惆怅和孤寂。,,
,再见，现实：你好，星空,,《北大宣传片星空日记》
康德,世上最奇妙的是我头上灿烂星空和内心的道德准则。,,
,即使星空不再，天空也需有人去仰望。,,
吴晓波,时光让无数梦想破碎，让很多河流改道；让数不清的青春流离失所，却只有它还在星空下微弱地闪光。,,《把生命浪费在美好的事物上》
念九卿,"望着星空也能想起你璀璨的瞳孔，比起明月的光芒万丈也过犹不及。",,
申赋渔,我又流浪了许多年。一路上，我碰到了一个一个人。我常常想，他们也是一颗一颗的星星，或明或暗，或近或远，或大或小，他们高高悬挂在天幕，构成一个星空――我们时代的天空。而那些星星，也照耀着我灰暗而平凡的人生。,,《一个一个人》
,当微风吹过树梢，叶子笑了；仰望星空，满天的星星眨着眼睛，月亮弯着腰，微笑着冲我点了点头！我想，此刻的我是幸福的！,,
,和你一同仰望的星空，是怎样的呢？,https://static.juzicon.com/contribute/image-83e7a108-a126-43a1-a9b5-f429e24deaf2-200310205426-GUON.jpeg,《四月是你的谎言》
,今夜是没有月亮的，有的只是漫天的星光...在山上，这星光是透彻的亮，就和前一夜我在这个镇子上看见的星空一样，那种透彻清亮的光能直入人的心底，而如今刚一拐进镇子的正街，就觉得这漫天的星光仿佛都染上了一层血色，朦朦胧胧，为整个镇子染上了几分惨烈的气息。,,
LOL,我仰望星空，军赖孩众星祈祷。只盼你能出现。,,《众星上一军赖觉之子》
泰戈尔,不要因为日落而难过，因为你会错过更美的星空,,
,每当仰望星空  我的世界就会变得安静,,
,我想和你见面，地点你选，森林、沙漠、世界尽头的星空，草原、海边、清晨大雾的胡同，只要别在梦中。,https://static.juzicon.com/contribute/image-98d2ecbd-0599-4f6b-b7da-879cc531d87a-200220134431-GNRP.jpg,
熊培云,只要你站得足够高，就会发现，大地是星空的一部分。,https://static.juzicon.com/contribute/image-19845429-d7bd-49a7-967b-0313fbd52c55-200307002455-S21J.jpg,
,星空为什么那么好看？你觉得是因为最亮的那一颗，是，大家会对着最亮的那颗星星说“看，启明星！”但那些聚在一起发光，一起成为北斗七星猎户星座的那些星星就不好看了吗？也不能说它们是陪衬。反正我觉得，某些即使再微弱，也还在发光的星星，可能比最亮的那一颗好看得多。,,《如此可爱的我们》
凉生,星空很大，可是星星很爱他。星星很小，可是星空很爱她。,,《致树先生》
,"淡蓝色代表天空，它能包容你所有的情绪。深蓝色代表海洋，它能容纳你所有的悲伤。曾深爱的人消失在天空之下，隐没在深海之中。每当想起，你总会仰望星空然后不觉泪流向海。",,
,我在等待，等待一个可以和我一起看星空的人，一起看潮汐的人。 我在等待，等待一个可以和我一起悲伤的人，一起开心的人。 我在等待，等待一个可以和我蹒跚的人，一起奔跑的人。 我在等待，等待一个可以等我的人！,,
,匆匆一天又结束. 时间从来. 都不会停住. 遥遥星空. 此生寄何处. 谁知道我. 心中多凄楚. 忙碌的脚步. 盲目的忙碌. 为谁付出. 为谁孤独. 心中的痛苦. 该向谁倾诉. 人生如梦般匆促再美的梦也有清醒时过了今夜又黎明,,
费尔南多・佩索阿,"自由意味着休息、艺术成果，还有我生命中智慧的伸展。 我觉得，我爱这一切，也许这是因为我没有别的东西可爱，或者，即使世上没有什么真的值得任何心灵所爱，而多愁善感的我却必须爱有所及。我可以滥情于区区一个墨水瓶之微，就像滥情于星空中巨大无边的冷漠",,《惶然录》
少年忘川,"世界逐渐褪色，黑暗代替黎明。
命运的齿轮将会重组。
在哪无尽的星空里，
是否存在着一颗可以照亮我的星。",https://static.juzicon.com/contribute/image-b72da029-fe8e-48d8-ada4-91e75351ec0a-191110111211-SQ1U.jpg,《心》
,我们曾守望春花秋月，也曾守望熠熠星空。,,
江南,战争序幕于鲜血尚未凝固前的再次拉开。每个人都无法逃避的时刻，谷玄和北辰在星空中看不见的角落，以满潮之相对冲……,,《九州缥缈录》
,我们虽然坐落在不同的城市，但可以仰望同一片星空。,,
,仰望同一片天星空的你我却已不是同一天空下的人。,,
,最好时光三要素――大海，星空，你。,,
逆流,我们曾一起仰望星空，我说世界好小，他说世界好大。,,《风的声音》
,"我们生活在泥沼之中，但是有人依然仰望星空We are all in the gutter, but some of us are looking at the stars.",,《王尔德》
几米,"那时候，未来遥远而没有形状，梦想还不知道该叫什么名字我常常一个人，走很长的路，在起风的时候觉得自己像一片落叶仰望星空，我想知道：有人正从世界的某个地方朝我走来吗 像光那样，从一颗星到达另外一颗星后来，你出现了。又离开了。",,《星空(几米图书)》
,"什么 这怎么可能嘛 就那种 就她 就理子那种可笑的名字啊
还嚣张的要命 一副高高在上的样子
那什么 她跑来挑衅的时候 眼睛都在闪闪发光啊
真的闪闪发光哦 真的是闪闪发光哦
那什么 真的是 那什么
是星星吗 满天的星空吗
满天的星星 那什么 都在她的眼睛里",https://static.juzicon.com/contribute/image-54f8b2dc-4eed-4c48-b84e-914454d2211a-191125101918-LB4G.jpg,《我是大哥大》
玄色,好像是天上的星空忽然都坠落到了她的身边，让她整个人都身处在星空之中，身周全部都是围绕着她旋转的星星，而且间或还有一闪而过的流星。,,《朔月》
兰欣,[ 蓝色星空下，一抹余晖闪过，来不及挽留就已离去。你以光速在我心上留下你的余温，始终忘不掉的那温柔。 ],,
,"“我不是自己的主人，        我只是命运的一扇门。  当诸神在星空吟唱生命，  我如大地上飘落的尘。 我唱着属于我的歌走向东方，  水畔的你朝西眺望。如果星辰曾给我一刻自由的存在，  我会为你采摘那朵白莲花。”",,
祢夜,在同一片星空下，你我对坐着种喃。,,《祢夜》
冯唐,"我看到的今夜的星空 
是几万年前的星光
我看到的你是此时的你",,
夏挽,烟花本美，始于所期，梦之皎皎，美极幸载。这山海无声，这海涛无悔，这万里不回，这纵然拾首，星空依旧，少年无所踪。,https://static.juzicon.com/contribute/image-37636ab5-5690-4493-9a4b-6b0b8d22206f-200131090316-AIPT.jpeg,《知意》
,"你眼里的锦绣山河是我从未见过的万里河山
你眼里的星辰大海是我从未见过的皓月星空",https://static.juzicon.com/contribute/image-3c3e11fc-9b8b-4aab-9965-7aeafd373d89-200312125035-ILPJ.jpg,
都子她小洛,相识这么多年，乔景溪早还为用年当摸清楚了阮星空的脾对是，这我说的是比利句过风成然，后过的是比利个动作，乔景溪家每个上多事每也成提前一秒预感到。,,《便之见，北极光》
,一生所获，不如一夜星空。,https://static.juzicon.com/contribute/image-959e27d8-3eaf-4384-8627-7d4120e768d6-191130151323-WRL9.jpeg,
康德,有叫去会大件中小孩好物越思考对发得是越觉得震撼与敬畏，发得是风成比觉风是我头上的星空和我心中的道德准则。,,《实来践有她想种发性批判》
路非,从我睁开眼睛的刹那，我的眼睛，只能注视着一个人，我的耳朵，只能听见一个人的声音。她的悲喜，亦是我的悲喜，她的心愿，便成我毕生之追求，她的悲痛，是我永世不灭的伤。哪怕陨落为尘土，消散于星空，我，绝不会背弃她。,,《第一狂妃：绝色邪王宠妻无度》
刘耀文,"躺在你学校的操场看星空
    教室里的灯还亮着你没走",https://static.juzicon.com/contribute/image-7c13ee9b-4c5f-406c-84af-285a7dcdbd0e-201114234326-USFL.jpeg,
,在城市里看不见璀璨的星空，不是因为星空在城市里变暗了，而是因为城市太亮了。在生活中看不清事实，不是因为在生活中的事实不够明确，而是因为生活太喧嚣了。,,
,那一年我们望著星空，有那么多的灿烂的梦。以为快乐会永久，像不变星空，陪著我。,,《星空》
,"站在校园望星空幻想着天马行空",,
烽火戏诸侯,你们给我听好了，我叫曹蒹葭，我是陈二狗的媳妇！我要陪他抬头看星空灿烂，心中如画江山！一辈子！,,《陈二狗的妖孽人生》
非天夜翔,"耿小杰喃喃道：“有两样东西，愈是经常和持久地思考它们，对它们日久弥新和不断增长之魅力以及崇敬之情就愈加充实着心灵。”陆飞虎：“我听过这句。” “嗯。”耿小杰说：“我头顶的星空……”陆飞虎说：“和我心中的爱情。”",,《幺儿》
撸猫客,星空低垂和湖面相接，在这方平镜的边沿耸立着一座古老的城堡。,,《综英美正义路人》
,"我们都是浩瀚星空的一粒微尘,但即使再小的微尘,终有一天也会大放异彩。",,
,即使前途无量，但我们依旧会仰望星空,https://static.juzicon.com/contribute/image-1e459856-8e26-496e-8517-7aead97ec9ea-191223231203-2JUV.jpeg,
,有人说天上的每一颗星星都代表着一对相爱的情侣。如果有天你厌倦了，要离开的时候。记得告诉我，在我们分开前让我把整个星空拍下来，因为我怕我们的星星不亮了，我再也找不到它的位置和它行走过的轨迹,,
姚瑶,"这个世界上，没有人理所当然要陪在你身边也没有人会永远等你。但是，你总要相信，浩瀚星空，茫茫人海，总有一个人会一直等你，而那个会一直等你的人，才是今生会在一起的人。",,《失眠症患者的夜晚》
,"日本导演北野武说过：""仰望星空的人或许会认为星星多么美丽，可星星却在以几亿度的热量在燃烧。""",https://static.juzicon.com/contribute/image-dae980b3-6092-4dde-9a53-d5921be6ae01-191225101912-XGEI.jpeg,
,一个时时不忘抬头仰望星空的男人，他的爱，深遂广阔而又温暖平实，他的爱，强势笃定而又温柔细腻，像父母，兄长，爱人，这就是程迦所要的“确切的爱”。,,《他知道风从哪里来》
,“什么？我喜欢她？这怎么可能嘛！就那种，就她，就她那种可笑的名字，还嚣张的要命，一副高高在上的样子，那什么，她跑来挑衅的时候，眼睛都在闪闪发光啊，真的在闪闪发光，真的是闪闪发光哦，那什么，真的是…那什么…是星星吗，满天的星空吗，满天的星星，都在她的眼睛里啊。”,,《我是大哥大》
,我知道暮春没来，但言六月热夏渐渐，紫木李仍然如故的芳蕊尽绽，苍茫的大地寂静温暖，抵过三秋十里桂花长安，我望着未知的星空寄语，倾诉着夜雨而缠绵不断，我选择了自己，这是过客的想念。,,
白岩松,今人虽有百度、谷歌，获取咨询与知识极其容易，但有识无智，只有知识却少有智慧。古人获取知识不易，但多智少识。......可能是现代人都盯着屏幕，古人只能仰望星空吧。,,《白说》
,"你是我遇到最美的星只不过是颗流星划破了我的星空却只留下了一道痕迹",,
炽小妖,茫茫天道，我从何而来，又往何处而去，平行的星空，在此刻交错相会，是缘起？还是缘灭？,,《异世墨莲》
,"借着萤火虫的光
我悄悄跟随你的脚步
想要和你倾诉的爱恋啊
在你回首的刹那
又被我藏了起来

我将所有欲对你说的心事
藏进了你身后的那片星空
但愿能有颗星
能进去你的梦中

                  ——陶枝鱼",https://static.juzicon.com/contribute/image-8e4749a2-fcac-4c37-96a3-bca517960285-200110011740-CNET.jpg,
,"我的心底深处
藏有一片星空
这里的每一个文字
都是其中的一颗星星

                    ——陶枝鱼",https://static.juzicon.com/contribute/image-8e4749a2-fcac-4c37-96a3-bca517960285-200110015352-5LME.jpg,
,星星损落了，但黯然不了星空灿烂，黯然不了宇宙银河,https://static.juzicon.com/contribute/image-a9c49d00-14fc-458a-9602-800e79ffb66e-200217185935-H5RF.jpg,
,我愿在星空下等待，等待一颗星星被我感动，划破寂静的长空，载满我的心愿，滑落在你的枕边,,
陶立夏,夜晚来临，坐在门廊上看星空。斗转星移之间，你会感觉自己置身的这座岛屿正像落日般缓缓坠入海中。流星自银河的边界划过，而心里却连一个愿望都没有。美酒、星空、海浪、晚风，人生何求？,,《岛屿来信》
网易云音乐用户,"我们为什么要奋斗？
我们不过是茫茫人海中的一员 想要掀起巨浪……
还要常常抬头仰望，看看星空距离我们，还远吗？",,《网易云音乐》
白槿湖,最难做但必须做的事情，就是热爱生活，即使备受苦难。因为生活就是一切。万念俱灰时，支撑着活下去的，不是信念，不是梦想。是这世上的美，辽阔深远的海洋，广袤无垠的草原，连绵起伏的群山，浩瀚清邃的星空。还有你，始终存在的你。,,《尽余生》
,零点时分上帝给予了我人生第十九年的生命光华。星空闪耀。烛光湮灭。谢谢那些捎来信息祝福我的朋友们。站在城市的中央，我们其实都是一样的孩子。因为心中有梦想，所以才甘心流浪。,,
,"生活在阴沟里，
    依然有仰望星空的权利。
         ✨",https://static.juzicon.com/contribute/image-7f454f27-91ec-4b85-8113-03fa86aee70f-200219123353-I1RC.jpg,
,我喜欢夏天的绿荫，秋夜的星空，冬日的雪原，我喜欢一切美好的事物，但是它们加起来都不及我喜欢你的万分之一。,https://static.juzicon.com/contribute/image-98d2ecbd-0599-4f6b-b7da-879cc531d87a-200220192742-UHJW.jpg,
,"我向往星空 山河
和醉人的夕阳
我是浪漫主义崇尚者
唯浪漫不渝 唯浪漫不死",https://static.juzicon.com/contribute/image-4109da4b-a6e9-4306-b0d7-10032dc1dfce-200924210857-N91F.jpeg,
,夜晚的星空模糊你你的视线，却清晰了心中所见,https://static.juzicon.com/contribute/image-5775f0b3-4f6b-4daa-b78f-780382b2d2f3-191001225019-2L8U.jpeg,
,我曾经有过很多天马星空的想法，那仅是代表我年轻的唯一象征。,,
李健,"你曾像繁星闪烁，当你从我的身边坠落。如同从未发生过，这世界不会在意你的微弱。如此浩瀚的星空，容不下一颗小小星辰。熄灭真实的光亮，我知道你的脆弱是你的坚强。如果不能，让这一切触及心灵，别问这丧钟为谁而鸣。",,《如果可以》
,一首歌，一篓温润，还有一片星空。 且风听吟，轻掬一滴泪。 低吟浅唱，挽留一印迹。 那词。那句。那旋律。 那人。那情。那回忆。 不变的只剩亘古的歌谣。还有心底不走调的韵律。,,
第十二话 在墙壁另一面取回失去的东西之时,"在大门内可以寻回曾经失去的东西     在那绿色雾气之后所看到的是     是恶魔还是被诅咒的过去呢     不可能再次复返的日子     被血染红的记忆     消失在镜子对面的星空是那天和你一起所看到的星空     契约者不会做梦     然后会付出代价",,《黑之契约者》
,我喜欢你 有多喜欢？就像你喜欢天上的星空一样 美丽却遥远,https://static.juzicon.com/contribute/image-5055e0da-9465-4c37-8ba1-d01d8ad338c6-201115103833-IKRP.jpg,
,有些坚持不必刻意，有此放弃无须不舍。该来的，就用心的虔诚，守候某个绚丽的瞬间；该走的，就多点豁达与仁爱，别让自己身心俱疲。莫蜷缩在遗憾与抱恨的阴霾里，拨开乌云，方见晴日，你眷恋一段无关的光阴，必将错失更多挚爱的风景。白天沐浴阳光，夜晚遥望星空，流年易逝，切勿枉活此生。,,
,时间悄然流逝，同样的星空，星空下兜兜转转慢慢长大的我。，从青涩懵懂的少年，到现在离家千里在外工作，唯一不变的，是一直陪伴我的这一方星空。,,《柠檬电台》
独木舟,你曾给我的星空，后来我也在别处看到。但愿你曾少我的，将来我也能在别处得到。,,《我亦飘零久》
,原来，星空并不需要仰望，以梦为梯，触手可及,https://static.juzicon.com/contribute/image-1851b7f4-1174-47f6-aea6-74b526787ad8-200223101134-S4IR.jpeg,
,抬头是蓝天星空，无论多难受都要昂起你的头，你会发现眼泪会无声的离开，心会逐渐明亮起来，陌生人，祝你新的一秒能够开怀大笑.,https://static.juzicon.com/contribute/image-1a8549f3-6522-4507-9349-2410a5b8fad1-200224054447-YCWK.jpg,
格言,流星一旦在灿烂的星空开始炫耀自己光亮的时候，也就结束了自己的一切。,,
,不知从什么时候开始，我们不再感动于星空的绚烂，云朵的变化，路边偶遇一只漂亮的野猫，喧闹街角的一家唱片店。被生活钝化的感觉，却还是相信着是会有一份刻骨铭心的爱情，也许是我们最后的信仰。,,
,我们寻找着个人的真实，却在星空下失去真实的个人，然我们在此，便是真实。,,
,"所有的转折隐藏在密集的鸟群中天空与海洋都无法察觉怀着美梦却可以看见摸索颠倒的一瞬间所有的怀念隐藏在相似的日子里心里的蜘蛛模仿人类张灯结彩携带乐器的游民也无法传达这对望的方式接近古人接近星空",,《路边野餐》
网易云音乐,你能听到我内心的声音吗。 没有微弱的呐喊，甚至连出声的机会都没有。 你知道星空下的海和一望无际的你一样吗？ 像是人心的无底洞，像是被风拂过的绿草。 也不想接受一些记忆的骗局，也不想接受伤害的言语。 就像你一样。正如你一般。 我又何曾想过这些那些，但是很高兴认识你。 很高兴你离开-,,《Akie秋绘-打上花火-drebm评论》
,我们曾听过大海的声音，闻过大海的味道。轻吻着头顶的天空，拥有天空的拥抱。凝视星空的时候最有说不出的味道。,,
辰东,夜里，我会仰望星空，望向另一边，为你祝福，我知道你在那一端,,《遮天》
埃克苏佩里,"如果你爱上了某个星球的一朵花。那么，只要在夜晚仰望星空，就会觉得漫天的繁星就像一朵朵盛开的花。

所以无论走到哪里，小王子始终都记得，在那颗遥远的B612星球上，有他心爱的一朵玫瑰花。若是那朵花被羊吃了，那么所有星辰都会变得暗淡无光。",https://static.juzicon.com/contribute/image-2034a16d-9106-4788-b29a-5bf85245f796-210611215422-WD0G.jpg,《小王子》
,"We are all in the gatter,but some of us are looking at stars. 
我们生活在阴沟，但仍有人仰望星空。

——奥斯卡·王尔德",,
,我自明月，向宇宙，向星空，向你。,,
马克·李维,我们每个人都是浩瀚星空中的一粒微尘。,,《第一日》
,如果注定要有人仰望星空，那我何不爽快一点举杯邀月,,
陈敬容,"你的窗开向太阳开向四月的蓝天为何以重帘遮住让春风溜过如烟我将怎样寻找那些寂寞的足迹在你静静的窗前我将怎样寻找我失落的叹息让静夜星空带给你我的怀想吧也带给你无忧的睡眠而我，如一个陌生客默默地，走过你窗前",,《窗》
,"寒气弥漫的黑夜，山和高楼连成一片。狂风卷起尘土，沾染着瞳仁。当心的月亮一起飞上星空留下空洞的躯壳手早已没了直觉毫无生气的滑落昏暗的路灯下“喂，这里”原来一直都在、嗯一直都在",,
,"我们生活在阴沟了
却仍有人仰望星空",https://static.juzicon.com/contribute/image-760797aa-9824-48c4-a9c1-2376fff2dcd1-200114225227-N28T.jpg,
,昨夜西风凋碧树，春雨绵延无期路，窗棂动，不知何时能安然入梦。梦中天河挂星空，柳枝拂动醉心愁。恍然，才悟游走心中，浮想重重。,,
大卫,"这落日下的山河
该消失的都消失了
唯余你我
最冷的日子
我把自己披在身上取暖
星空浩瀚
明月是明月的前身
你是虚构的
只能在虚构里爱你
世界需要燃烧也需要灰烬
我才长出一颗心。",https://static.juzicon.com/contribute/image-89735524-d02c-4c16-a010-22745ec013ce-200305221945-VIAR.jpeg,《荡漾》
张皓宸,如若最后遇到像是黑空中静谧的星空，那当初跋涉的这一路，崴脚的石子，走过冒失的风雪，在此刻都成了过眼烟云。,https://static.juzicon.com/contribute/image-5994ba1f-03b0-478c-8bd8-c707820e9555-200306194529-IJ7F.jpeg,《我与世界只差一个你》
,虽然我们身处泥潭，依然有仰望星空的权利,https://static.juzicon.com/contribute/image-addfcc39-90fb-4607-9bd1-8497ac268f9e-200307152326-9EFZ.jpg,
,"林深有鹿处，鲸落于海时
只见你眸里星空火花泛动，心拍加快泪融化海",,
沫雨橙风,"无论是刀山火海
还是宇宙星空
反正你这辈子是别想推开我",https://static.juzicon.com/contribute/image-9661f691-0c5c-4f90-80b4-ecad1132355e-200310202421-LEWF.jpeg,
,站在这片蓝色的星空下，想着曾经的身影，那些错过的人儿啊，都已化作了月上的桂枝……,,
,"月光下，草地上，树影倒映在湖中；我和你，在一起，仰望那遥远星空；梦追梦，懵懵懂，守望那远方永恒。",,
,"我想多看一眼星空
在这什么都善变的人世间
我想看一下永恒",,
,"清风依然，星空浩瀚，明月温柔，愿你不与世同流，无论多久，你依然是你，保留最好的自己，直到世界的尽头！答应我好嘛？✨


                               ――给自己的一段话",https://static.juzicon.com/contribute/image-2462a843-9c30-49c7-b9f7-c1f8f824abbf-200314002655-D2AO.jpg,
,我在最美的星空下遇见你，在最美的年纪喜欢你，常常不自知地仰望天空，似乎从那里便能看出一个你来。小心翼翼地兜着心里的小秘密，懵懂一过二三年。,,
,此时你的心里总是暖暖的，有三分美好，有三分感动，更有三分的憧憬，你想起他的执着，你更是会因为午夜的星空，遥远的月亮想起他，想起他曾经带给你的快乐，想起他曾经给你的无眠的美好……,,
,你喜欢星星，我喜欢太阳，那你愿不愿意让我做你的太阳，一直一直的照亮你这片星空,https://static.juzicon.com/contribute/image-4f95fadb-e0b9-49e3-aa65-f171106222f8-200316135106-LDIN.jpg,
,没有华丽的语言，没有炫丽的灯光，没有吵闹的城市，只是淡淡一笑，守望着那片星空，我的世界因有了你们而那么美好，却又因有了你们那么悲伤,,
,夜晚没有月亮的星空，光明又在哪里呢？,,
,星空中的云朵隐藏了月的愁容，月从云间露出双眼，窥视着桥头的的人，人在桥上凭栏，望凝了一江春水，春水怀抱月影，盯着云儿发笑。,,
,我们总觉得到达此地十分不易，于是我们的旅行的第一要素，开始变成记录。阳光沙滩，热带雨林，金字塔顶，沙漠星空，必须都要变成现成的展示品，迅速展开给围观者欣赏。比风景更壮烈的，是那旅行者本身风餐露宿的辛苦。,,
,黑夜放肆地吞噬星空，空洞的幸福难以形容,,
,在夜不能寐的星空里，你是唯一的星光。,https://static.juzicon.com/contribute/image-d02195d0-a967-4a2f-a009-c0b4bb39da92-200321160208-OZLI.jpeg,
苏景闲,"“少年引回风，振翅击长空。你们的未来，是星空与大海。”
“我祝愿你们，有最遥远的梦想。也祝愿你们，有最绚丽的方向”",,《咬上你指尖》
,"即使面对着阴沟里的一切糟乱
睡前
也要整理好床头，调好闹钟
闭上眼
想象今夜的星空",,
,风不止的狂啸，它携带着蒙蒙的细雨。茂密的云层、漆黑的天，原本是星空泛滥，银霜落满地！如今田野的蛙声已渐稀，四处的灯火已渐灭，只剩下一缕寂寞的思念，和一个孤独的自我！,,
线性木头,"有人说世界本来就是由梦组成的，山川河流，星空大海，雪山荒漠，竹林花海，无不是宇宙的主人做的一场梦，人在其中忙碌一生，也不过是梦境，唯有死亡时，彻底从梦中醒来。这个地底的世界只是黄粱一梦，相生虚幻，反过来，虚幻也可生相。",,《通天盛宴》
,19岁时他说，他认为世界上最温柔的两个字是“我在”，而29岁时的他，将这两个字送给了他的粉丝。那夜星空很闪耀！,,《热评》
,跨过山河迈过星空，去迎接更好的自己,https://static.juzicon.com/contribute/image-04b9070b-f8d2-47bf-bae2-47987a5f00d3-200401102348-EQNI.jpeg,
,"后来的后来，我们去了远方的远方，看着星空外的星空，深夜的梦陷入了另一个梦。",,
马克・哈登,仰望星空时，我们知道这些星星距离我们成百上千光年，有些甚至已经不存在了。它们的光花了很长很长时间才到达地球，而在此期间，他们本身已经消失或爆炸瓦解成红矮星了。这些事实会让人觉得自己很渺小，如果生活中遇到了困难，不妨想想这些，你就会明白什么叫微不足道。,,
,倘若时光倒回，没有击磬之声，没有尚衣承宠，你我或许相遇重逢，相知相交、相守同依，或许没有华衣美食、没有仆童成群，却有琴埙和鸣、北斗照耀，段大哥再领子夫，在星空下漫步回家。,,《大汉贤后卫子夫》
,夜色中，男人高大的身影仿如踏月而来，一身黑衣，眉目冷峻，月光勾勒出刀削斧刻般的英俊侧脸，最让人难忘的，却是那双深邃仿如星空，广袤堪比银河的黑眸，此刻，里面一如既往的冷漠，仿如那种冷，已经融进了骨子里，刻在了灵魂中。,,《重生娱乐圈之孕妻影后》
,隔着星空河山遥遥说一句晚安就足够浪漫,https://static.juzicon.com/contribute/image-87c4ae89-fdf3-4d32-92ea-769370f4f223-200406210624-TGZS.jpg,
芝麻,努力沸腾奋斗的人，更懂得欣赏岁月静处的好处，而没有看过霓虹灯闪烁的人，也难以欣赏静处的星空,,《你正美好，何必彷徨》
,"星星再美，也永远属于星空，不属于你。你若真的喜欢，断然不会一直发愣，而是踏出接近星空的道路！",,
,我欠夕阳一抹笑，夕阳待我一抹红。夜夜圆星空，早早看朝阳。 - 〈晚夕〉,,
陈长生,"无限的星空里可以容纳无数人生无数的希望和寄托哪怕是最玄妙的命运在星空中也一定有迹可循我想要找到属于我的那颗星不试过怎么知道不行呢",,《择天记》
,"望着星空一点点的亮光似乎嵌上了这黑如绸缎的夜空 星光璀璨我点上房间里的灯远在他乡的老朋友 你还好吗 友情似海我永远忘不了我们一起立下的山盟海誓",,
,此后，夜辰星空，长路漫漫。此后风烟残缺，独影阑珊。此后漂泊他乡，流浪远方。,,《意林》
大冰,"画上有你能用手触到的彩虹 画中有我决定不灭的星空画上弯曲无际平坦的小路 尽头的人家梦已入",,《乖，摸摸头》
,"少年的生活是什么？
是寒窗苦读，欣欣向荣，而不是持剑提酒闯荡那所谓的江湖
少年的肩上是什么？
是清风明月，人间欢喜，而不是烟火和尘埃
少年的眼睛里是什么?
是璀璨星空，阳光万里，而不是黑暗的空洞和无底的深邃
少年的心里是什么？
是年少轻狂，未来期望，而不是揣测复杂的人心和社会",https://static.juzicon.com/contribute/image-b2df24f4-7d41-41fb-881b-639e64dfb932-200406172911-0NRU.jpg,
,想要浩瀚星空想要在你身后,,
,你的笑像西瓜最中间那一勺的口感，点亮了一整个夏夜，星空夜为你斑斓。,,《我乐意》
,"我喜欢你毫不犹豫的喜欢没有任何理由就是喜欢你 我无法欺骗自己你是我的劫却又令我深爱 在每一个美丽的夜晚都会想起你深深地思念让我无法入睡 又是一个美丽的夜晚我对着星空许愿倘若再见到你定要紧紧相拥永不分离",,
饮羽去弦,瞧见春季星空的可爱，发觉春季海的沁人浅温。我是很早就被春季星空吸引了吧！每年大一初一晚夜触摸星空的脸庞，每年感觉很不同。,,
,喜欢寂静的夜晚，一个人曾数次耗着夜晚的星空，赶着黎明的曙光，踏步而归。第二天，没人问我怎么回来，只看到还是笑容依旧的我！,,
,看不完人间的美景，道不尽人生的哲理。所有的美好与存在如浩瀚的星空，我感之三四，藏之一二，足矣。,,
,"那些死去的人
我想是
一半去了星空
一半去了大海
星空照亮着大海
大海点缀着星空",https://static.juzicon.com/yiyan/c20b2a24f9847405062db25a8a35e7d2.jpg,
,“能够被人坚定选择是一件特别幸福的事，就像夜晚的星空星星再多，我眼里也只有你这一个月亮”,https://static.juzicon.com/contribute/image-8a69a6a7-22d2-4984-b837-6b9962b177c5-200309013755-IM6H.jpeg,
玖月晞,多动症与孤独症的爱情。她喜欢一个男人，他自闭，他的世界里只有她。只看得到她，只听得到她，只感觉得到她……他说:这世上，我只喜欢两样东西:星空和甄意。一样因为你，一样就是你。以真意的方式拿下严格的爱情。,,《亲爱的弗洛伊德》
,我喜欢抬头，不是为了仰望星空，而是为了止住泪水。我喜欢微笑，不是心情愉悦，而是为了掩饰悲伤。或许，这就是成长，让我变的坚强。,,
,"雨后的玻璃窗，是璀璨的星空，属于房间的夜。",,
,"《散念 圣诞》每一瞬间的碎片，点点凝结，如冰晶漂浮于星空，在这圣诞驯鹿的银铃，穿越长夜带回时间，在空中飘散融化阻隔，唯剩怀念",,
许墨,我希望，年年此时都能和你一起看星空,,《恋与制作人》
,不是星空把山河点缀只是我忘了你到底是谁,,
晓佳奈,"若是在清朗的夜晚，那便如实称赞她的美丽。若是在阴雨的日子，那便讲关于星座的神话。 若那是一颗二百年一现的彗星到来的日子，那便和她一起仰望星空，细述曾经。",,《紫罗兰永恒花园》
玖月晞,"他说“这世上，我只喜欢两样东西，星空和甄意，一样是因为她，一样就是她”",,《亲爱的费洛伊德》
,卡农出生在天空之城，偶然进入了风居住的街道，得到了雨的印记进入了雪之梦，在梦中的婚礼上他和秋日私语，那年菊次郎的夏天里他是否又弹了克罗地亚狂想曲，最后他望向星空，看了看梦中的雪，伴着神秘园之歌走向了蓝色多瑙河。,,
,雨夜有雨，星空斑斓。,,
五月天,"那一年我们望着星空有那么多的灿烂的梦至少回忆会永久像不变星空陪着我",,《星空》
